<?xml version="1.0" standalone="yes"?>
<dataroot xmlns:od="urn:schemas-microsoft-com:officedata">
<PPClients><NoClient>10001</NoClient><AdresseEmail>client10001@gmail.com</AdresseEmail><MotDePasse>Secret123</MotDePasse><Nom>Langlois</Nom><Prenom>Jérome</Prenom><Rue>123&#160;Boulevard&#160;Don&#160;Quichote</Rue><Ville>Ile-Perrot</Ville><Province>QC</Province><CodePostal>J7V8I6</CodePostal><Pays>Canada</Pays><Tel1>5147583737</Tel1><Tel2>5146779898</Tel2><DateCreation>2019-01-03&#160;18:38</DateCreation><DateMAJ>2019-01-07&#160;18:45</DateMAJ><NbConnexions>17</NbConnexions><DateDerniereConnexion>2019-02-03&#160;13:01</DateDerniereConnexion><Statut>1</Statut></PPClients>
<PPClients><NoClient>10002</NoClient><AdresseEmail>client10002@gmail.com</AdresseEmail><MotDePasse>Secret123</MotDePasse><Nom>Sanson</Nom><Prenom>Gaby</Prenom><Rue>444&#160;35e&#160;Avenue</Rue><Ville>Montréal</Ville><Province>QC</Province><CodePostal>H2S3T4</CodePostal><Pays>Canada</Pays><Tel1>5145537272</Tel1><Tel2>5143526637</Tel2><DateCreation>2019-01-05&#160;11:22</DateCreation><DateMAJ>2019-01-25&#160;20:16</DateMAJ><NbConnexions>5</NbConnexions><DateDerniereConnexion>2019-01-27&#160;13:12</DateDerniereConnexion><Statut>1</Statut></PPClients>
<PPClients><NoClient>10003</NoClient><AdresseEmail>client10003@gmail.com</AdresseEmail><MotDePasse>Secret123</MotDePasse><Nom>NULL</Nom><Prenom>NULL</Prenom><Rue>NULL</Rue><Ville>NULL</Ville><Province>NULL</Province><CodePostal>NULL</CodePostal><Pays>NULL</Pays><Tel1>NULL</Tel1><Tel2>NULL</Tel2><DateCreation>2019-01-06&#160;14:56</DateCreation><DateMAJ>NULL</DateMAJ><NbConnexions>1</NbConnexions><DateDerniereConnexion>2019-01-07&#160;17:42</DateDerniereConnexion><Statut>1</Statut></PPClients>
<PPClients><NoClient>10004</NoClient><AdresseEmail>client10004@gmail.com</AdresseEmail><MotDePasse>Secret123</MotDePasse><Nom>Tremblay</Nom><Prenom>Isabelle</Prenom><Rue>643&#160;Rue&#160;Sherbrooke</Rue><Ville>Montréal</Ville><Province>QC</Province><CodePostal>H8S3Z4</CodePostal><Pays>Canada</Pays><Tel1>5143738890</Tel1><Tel2>5146378494</Tel2><DateCreation>2019-01-08&#160;18:45</DateCreation><DateMAJ>2019-01-28&#160;17:54</DateMAJ><NbConnexions>19</NbConnexions><DateDerniereConnexion>2019-02-03&#160;13:02</DateDerniereConnexion><Statut>1</Statut></PPClients>
<PPClients><NoClient>10005</NoClient><AdresseEmail>client10005@gmail.com</AdresseEmail><MotDePasse>Secret123</MotDePasse><Nom>NULL</Nom><Prenom>NULL</Prenom><Rue>NULL</Rue><Ville>NULL</Ville><Province>NULL</Province><CodePostal>NULL</CodePostal><Pays>NULL</Pays><Tel1>NULL</Tel1><Tel2>NULL</Tel2><DateCreation>2019-01-10&#160;20:10</DateCreation><DateMAJ>NULL</DateMAJ><NbConnexions>1</NbConnexions><DateDerniereConnexion>2019-01-12&#160;10:16</DateDerniereConnexion><Statut>1</Statut></PPClients>
<PPClients><NoClient>10006</NoClient><AdresseEmail>client10006@gmail.com</AdresseEmail><MotDePasse>Secret123</MotDePasse><Nom>NULL</Nom><Prenom>NULL</Prenom><Rue>NULL</Rue><Ville>NULL</Ville><Province>NULL</Province><CodePostal>NULL</CodePostal><Pays>NULL</Pays><Tel1>NULL</Tel1><Tel2>NULL</Tel2><DateCreation>2019-01-12&#160;09:19</DateCreation><DateMAJ>NULL</DateMAJ><NbConnexions>5</NbConnexions><DateDerniereConnexion>2019-01-20&#160;13:30</DateDerniereConnexion><Statut>1</Statut></PPClients>
<PPClients><NoClient>10007</NoClient><AdresseEmail>client10007@gmail.com</AdresseEmail><MotDePasse>Secret123</MotDePasse><Nom>NULL</Nom><Prenom>NULL</Prenom><Rue>NULL</Rue><Ville>NULL</Ville><Province>NULL</Province><CodePostal>NULL</CodePostal><Pays>NULL</Pays><Tel1>NULL</Tel1><Tel2>NULL</Tel2><DateCreation>2019-01-12&#160;10:32</DateCreation><DateMAJ>NULL</DateMAJ><NbConnexions>0</NbConnexions><DateDerniereConnexion>NULL</DateDerniereConnexion><Statut>1</Statut></PPClients>
<PPClients><NoClient>10008</NoClient><AdresseEmail>client10008@gmail.com</AdresseEmail><MotDePasse>Secret123</MotDePasse><Nom>Gabrieli</Nom><Prenom>Fiona</Prenom><Rue>44&#160;Rue&#160;Lakeshore</Rue><Ville>Dorval</Ville><Province>QC</Province><CodePostal>H9T7A2</CodePostal><Pays>Canada</Pays><Tel1>5143736663</Tel1><Tel2>5144387565</Tel2><DateCreation>2019-01-12&#160;13:38</DateCreation><DateMAJ>2019-01-19&#160;10:20</DateMAJ><NbConnexions>4</NbConnexions><DateDerniereConnexion>2019-01-27&#160;13:17</DateDerniereConnexion><Statut>1</Statut></PPClients>
<PPClients><NoClient>10009</NoClient><AdresseEmail>client10009@gmail.com</AdresseEmail><MotDePasse>Secret123</MotDePasse><Nom>NULL</Nom><Prenom>NULL</Prenom><Rue>NULL</Rue><Ville>NULL</Ville><Province>NULL</Province><CodePostal>NULL</CodePostal><Pays>NULL</Pays><Tel1>NULL</Tel1><Tel2>NULL</Tel2><DateCreation>2019-01-13&#160;11:42</DateCreation><DateMAJ>NULL</DateMAJ><NbConnexions>1</NbConnexions><DateDerniereConnexion>2019-01-14&#160;17:54</DateDerniereConnexion><Statut>1</Statut></PPClients>
<PPClients><NoClient>10010</NoClient><AdresseEmail>client10010@gmail.com</AdresseEmail><MotDePasse>Secret123</MotDePasse><Nom>NULL</Nom><Prenom>NULL</Prenom><Rue>NULL</Rue><Ville>NULL</Ville><Province>NULL</Province><CodePostal>NULL</CodePostal><Pays>NULL</Pays><Tel1>NULL</Tel1><Tel2>NULL</Tel2><DateCreation>2019-01-13&#160;15:13</DateCreation><DateMAJ>NULL</DateMAJ><NbConnexions>11</NbConnexions><DateDerniereConnexion>2019-02-02&#160;10:11</DateDerniereConnexion><Statut>1</Statut></PPClients>
<PPClients><NoClient>10011</NoClient><AdresseEmail>client10011@gmail.com</AdresseEmail><MotDePasse>Secret123</MotDePasse><Nom>NULL</Nom><Prenom>NULL</Prenom><Rue>NULL</Rue><Ville>NULL</Ville><Province>NULL</Province><CodePostal>NULL</CodePostal><Pays>NULL</Pays><Tel1>NULL</Tel1><Tel2>NULL</Tel2><DateCreation>2019-01-15&#160;18:41</DateCreation><DateMAJ>NULL</DateMAJ><NbConnexions>4</NbConnexions><DateDerniereConnexion>2019-01-20&#160;14:45</DateDerniereConnexion><Statut>1</Statut></PPClients>
<PPClients><NoClient>10012</NoClient><AdresseEmail>client10012@gmail.com</AdresseEmail><MotDePasse>Secret123</MotDePasse><Nom>NULL</Nom><Prenom>NULL</Prenom><Rue>NULL</Rue><Ville>NULL</Ville><Province>NULL</Province><CodePostal>NULL</CodePostal><Pays>NULL</Pays><Tel1>NULL</Tel1><Tel2>NULL</Tel2><DateCreation>2019-01-16&#160;18:27</DateCreation><DateMAJ>NULL</DateMAJ><NbConnexions>1</NbConnexions><DateDerniereConnexion>2019-01-19&#160;10:23</DateDerniereConnexion><Statut>1</Statut></PPClients>
<PPClients><NoClient>10013</NoClient><AdresseEmail>client10013@gmail.com</AdresseEmail><MotDePasse>Secret123</MotDePasse><Nom>NULL</Nom><Prenom>NULL</Prenom><Rue>NULL</Rue><Ville>NULL</Ville><Province>NULL</Province><CodePostal>NULL</CodePostal><Pays>NULL</Pays><Tel1>NULL</Tel1><Tel2>NULL</Tel2><DateCreation>2019-01-18&#160;21:35</DateCreation><DateMAJ>NULL</DateMAJ><NbConnexions>0</NbConnexions><DateDerniereConnexion>NULL</DateDerniereConnexion><Statut>1</Statut></PPClients>
<PPClients><NoClient>10014</NoClient><AdresseEmail>client10014@gmail.com</AdresseEmail><MotDePasse>Secret123</MotDePasse><Nom>James</Nom><Prenom>John</Prenom><Rue>233&#160;Avenue&#160;Frenette</Rue><Ville>Laval</Ville><Province>QC</Province><CodePostal>H9T6Y7</CodePostal><Pays>Canada</Pays><Tel1>4507892020</Tel1><Tel2>5148766393</Tel2><DateCreation>2019-01-19&#160;09:36</DateCreation><DateMAJ>2019-01-22&#160;19:10</DateMAJ><NbConnexions>20</NbConnexions><DateDerniereConnexion>2019-02-03&#160;15:05</DateDerniereConnexion><Statut>1</Statut></PPClients>
<PPClients><NoClient>10015</NoClient><AdresseEmail>client10015@gmail.com</AdresseEmail><MotDePasse>Secret123</MotDePasse><Nom>NULL</Nom><Prenom>NULL</Prenom><Rue>NULL</Rue><Ville>NULL</Ville><Province>NULL</Province><CodePostal>NULL</CodePostal><Pays>NULL</Pays><Tel1>NULL</Tel1><Tel2>NULL</Tel2><DateCreation>2019-01-19&#160;10:45</DateCreation><DateMAJ>NULL</DateMAJ><NbConnexions>10</NbConnexions><DateDerniereConnexion>2019-01-26&#160;13:04</DateDerniereConnexion><Statut>1</Statut></PPClients>
<PPClients><NoClient>10016</NoClient><AdresseEmail>client10016@gmail.com</AdresseEmail><MotDePasse>Secret123</MotDePasse><Nom>NULL</Nom><Prenom>NULL</Prenom><Rue>NULL</Rue><Ville>NULL</Ville><Province>NULL</Province><CodePostal>NULL</CodePostal><Pays>NULL</Pays><Tel1>NULL</Tel1><Tel2>NULL</Tel2><DateCreation>2019-01-19&#160;13:50</DateCreation><DateMAJ>NULL</DateMAJ><NbConnexions>3</NbConnexions><DateDerniereConnexion>2019-02-01&#160;19:03</DateDerniereConnexion><Statut>1</Statut></PPClients>
<PPClients><NoClient>10017</NoClient><AdresseEmail>client10017@gmail.com</AdresseEmail><MotDePasse>Secret123</MotDePasse><Nom>NULL</Nom><Prenom>NULL</Prenom><Rue>NULL</Rue><Ville>NULL</Ville><Province>NULL</Province><CodePostal>NULL</CodePostal><Pays>NULL</Pays><Tel1>NULL</Tel1><Tel2>NULL</Tel2><DateCreation>2019-01-20&#160;09:05</DateCreation><DateMAJ>NULL</DateMAJ><NbConnexions>5</NbConnexions><DateDerniereConnexion>2019-01-26&#160;13:12</DateDerniereConnexion><Statut>1</Statut></PPClients>
<PPClients><NoClient>10018</NoClient><AdresseEmail>client10018@gmail.com</AdresseEmail><MotDePasse>Secret123</MotDePasse><Nom>Dumarquet</Nom><Prenom>Ovide</Prenom><Rue>887&#160;Avenue&#160;Saint-Charles</Rue><Ville>Monréal</Ville><Province>QC</Province><CodePostal>H4E8T2</CodePostal><Pays>Canada</Pays><Tel1>5142325333</Tel1><Tel2>5148876363</Tel2><DateCreation>2019-01-20&#160;11:11</DateCreation><DateMAJ>2019-01-29&#160;19:25</DateMAJ><NbConnexions>6</NbConnexions><DateDerniereConnexion>2019-02-02&#160;11:08</DateDerniereConnexion><Statut>1</Statut></PPClients>
<PPClients><NoClient>10019</NoClient><AdresseEmail>client10019@gmail.com</AdresseEmail><MotDePasse>Secret123</MotDePasse><Nom>Thompson</Nom><Prenom>Daniel</Prenom><Rue>651&#160;Rue&#160;Duquette</Rue><Ville>Longueuil</Ville><Province>QC</Province><CodePostal>J4W1M9</CodePostal><Pays>Canada</Pays><Tel1>4508934747</Tel1><Tel2>5143736464</Tel2><DateCreation>2019-01-21&#160;19:25</DateCreation><DateMAJ>2019-01-31&#160;18:00</DateMAJ><NbConnexions>13</NbConnexions><DateDerniereConnexion>2019-02-03&#160;13:00</DateDerniereConnexion><Statut>1</Statut></PPClients>
<PPClients><NoClient>10020</NoClient><AdresseEmail>client10020@gmail.com</AdresseEmail><MotDePasse>Secret123</MotDePasse><Nom>Macam</Nom><Prenom>Thomas</Prenom><Rue>33&#160;10e&#160;Avenue</Rue><Ville>Rosemère</Ville><Province>QC</Province><CodePostal>H6F9Y7</CodePostal><Pays>Canada</Pays><Tel1>4507382929</Tel1><Tel2>4386359484</Tel2><DateCreation>2019-01-24&#160;18:56</DateCreation><DateMAJ>2019-02-01&#160;21:12</DateMAJ><NbConnexions>13</NbConnexions><DateDerniereConnexion>2019-02-03&#160;14:01</DateDerniereConnexion><Statut>1</Statut></PPClients>
<PPClients><NoClient>10021</NoClient><AdresseEmail>hc@gmail.com</AdresseEmail><MotDePasse>Secret123</MotDePasse><Nom>Hubert</Nom><Prenom>Caron</Prenom><Rue>NULL</Rue><Ville>NULL</Ville><Province>NULL</Province><CodePostal>NULL</CodePostal><Pays>NULL</Pays><Tel1>NULL</Tel1><Tel2>NULL</Tel2><DateCreation>2019-01-27&#160;14:01</DateCreation><DateMAJ>NULL</DateMAJ><NbConnexions>1</NbConnexions><DateDerniereConnexion>2019-02-20&#160;18:06</DateDerniereConnexion><Statut>1</Statut></PPClients>
<PPClients><NoClient>10022</NoClient><AdresseEmail>if@gmail.com</AdresseEmail><MotDePasse>Secret123</MotDePasse><Nom>Isabelle</Nom><Prenom>Fafard</Prenom><Rue>NULL</Rue><Ville>NULL</Ville><Province>NULL</Province><CodePostal>NULL</CodePostal><Pays>NULL</Pays><Tel1>NULL</Tel1><Tel2>NULL</Tel2><DateCreation>2019-01-30&#160;17:25</DateCreation><DateMAJ>NULL</DateMAJ><NbConnexions>0</NbConnexions><DateDerniereConnexion>NULL</DateDerniereConnexion><Statut>1</Statut></PPClients>
<PPClients><NoClient>10023</NoClient><AdresseEmail>c1@gmail.com</AdresseEmail><MotDePasse>1234</MotDePasse><Nom>Client1</Nom><Prenom>Client1</Prenom><Rue>NULL</Rue><Ville>NULL</Ville><Province>NULL</Province><CodePostal>NULL</CodePostal><Pays>NULL</Pays><Tel1>NULL</Tel1><Tel2>NULL</Tel2><DateCreation>2019-02-02&#160;09:31</DateCreation><DateMAJ>NULL</DateMAJ><NbConnexions>1</NbConnexions><DateDerniereConnexion>2019-02-22&#160;20:10</DateDerniereConnexion><Statut>1</Statut></PPClients>
<PPClients><NoClient>10024</NoClient><AdresseEmail>c2@gmail.com</AdresseEmail><MotDePasse>1234</MotDePasse><Nom>Client2</Nom><Prenom>Client2</Prenom><Rue>NULL</Rue><Ville>NULL</Ville><Province>NULL</Province><CodePostal>NULL</CodePostal><Pays>NULL</Pays><Tel1>NULL</Tel1><Tel2>NULL</Tel2><DateCreation>2019-02-04&#160;17:49</DateCreation><DateMAJ>NULL</DateMAJ><NbConnexions>1</NbConnexions><DateDerniereConnexion>2019-02-23&#160;10:58</DateDerniereConnexion><Statut>1</Statut></PPClients>
<PPClients><NoClient>10025</NoClient><AdresseEmail>c3@gmail.com</AdresseEmail><MotDePasse>1234</MotDePasse><Nom>Client3</Nom><Prenom>Client3</Prenom><Rue>7605&#160;Rue&#160;Garnier</Rue><Ville>Monréal</Ville><Province>QC</Province><CodePostal>H2E2A6</CodePostal><Pays>Canada</Pays><Tel1>5146823948</Tel1><Tel2>NULL</Tel2><DateCreation>2019-02-07&#160;18:05</DateCreation><DateMAJ>2019-02-24&#160;14:25</DateMAJ><NbConnexions>2</NbConnexions><DateDerniereConnexion>2019-02-24&#160;14:00</DateDerniereConnexion><Statut>1</Statut></PPClients>
<PPClients><NoClient>10026</NoClient><AdresseEmail>c4@gmail.com</AdresseEmail><MotDePasse>1234</MotDePasse><Nom>Client4</Nom><Prenom>Client4</Prenom><Rue>NULL</Rue><Ville>NULL</Ville><Province>NULL</Province><CodePostal>NULL</CodePostal><Pays>NULL</Pays><Tel1>NULL</Tel1><Tel2>NULL</Tel2><DateCreation>2019-02-10&#160;14:22</DateCreation><DateMAJ>NULL</DateMAJ><NbConnexions>0</NbConnexions><DateDerniereConnexion>NULL</DateDerniereConnexion><Statut>1</Statut></PPClients>
<PPClients></PPClients>
</dataroot>
