<?xml version="1.0" standalone="yes"?>
<dataroot xmlns:od="urn:schemas-microsoft-com:officedata">
<PPCommandes><NoCommande>1</NoCommande><NoClient>10001</NoClient><NoVendeur>11</NoVendeur><DateCommande>1/13/2019&#160;13:12</DateCommande><CoutLivraison>0.00</CoutLivraison><TypeLivraison>403</TypeLivraison><MontantTotAvantTaxes>700.00</MontantTotAvantTaxes><TPS>35.00</TPS><TVQ>68.25</TVQ><PoidsTotal>480.0</PoidsTotal><Statut>1</Statut><NoAutorisation>4389</NoAutorisation></PPCommandes>
<PPCommandes><NoCommande>2</NoCommande><NoClient>10008</NoClient><NoVendeur>12</NoVendeur><DateCommande>1/19/2019&#160;10:25</DateCommande><CoutLivraison>0.00</CoutLivraison><TypeLivraison>403</TypeLivraison><MontantTotAvantTaxes>781.00</MontantTotAvantTaxes><TPS>39.05</TPS><TVQ>76.15</TVQ><PoidsTotal>461.0</PoidsTotal><Statut>1</Statut><NoAutorisation>1707</NoAutorisation></PPCommandes>
<PPCommandes><NoCommande>3</NoCommande><NoClient>10001</NoClient><NoVendeur>11</NoVendeur><DateCommande>1/20/2019&#160;14:21</DateCommande><CoutLivraison>0.00</CoutLivraison><TypeLivraison>401</TypeLivraison><MontantTotAvantTaxes>1315.00</MontantTotAvantTaxes><TPS>65.75</TPS><TVQ>128.21</TVQ><PoidsTotal>24.0</PoidsTotal><Statut>1</Statut><NoAutorisation>3107</NoAutorisation></PPCommandes>
<PPCommandes><NoCommande>4</NoCommande><NoClient>10014</NoClient><NoVendeur>12</NoVendeur><DateCommande>1/22/2019&#160;19:16</DateCommande><CoutLivraison>0.00</CoutLivraison><TypeLivraison>403</TypeLivraison><MontantTotAvantTaxes>363.00</MontantTotAvantTaxes><TPS>18.15</TPS><TVQ>35.39</TVQ><PoidsTotal>130.0</PoidsTotal><Statut>1</Statut><NoAutorisation>1042</NoAutorisation></PPCommandes>
<PPCommandes><NoCommande>5</NoCommande><NoClient>10014</NoClient><NoVendeur>16</NoVendeur><DateCommande>1/22/2019&#160;19:28</DateCommande><CoutLivraison>29.00</CoutLivraison><TypeLivraison>402</TypeLivraison><MontantTotAvantTaxes>203.99</MontantTotAvantTaxes><TPS>11.65</TPS><TVQ>22.72</TVQ><PoidsTotal>48.7</PoidsTotal><Statut>1</Statut><NoAutorisation>3389</NoAutorisation></PPCommandes>
<PPCommandes><NoCommande>6</NoCommande><NoClient>10002</NoClient><NoVendeur>12</NoVendeur><DateCommande>1/25/2019&#160;20:23</DateCommande><CoutLivraison>0.00</CoutLivraison><TypeLivraison>403</TypeLivraison><MontantTotAvantTaxes>602.99</MontantTotAvantTaxes><TPS>30.15</TPS><TVQ>58.79</TVQ><PoidsTotal>304.0</PoidsTotal><Statut>0</Statut><NoAutorisation>4472</NoAutorisation></PPCommandes>
<PPCommandes><NoCommande>7</NoCommande><NoClient>10001</NoClient><NoVendeur>11</NoVendeur><DateCommande>1/26/2019&#160;11:08</DateCommande><CoutLivraison>0.00</CoutLivraison><TypeLivraison>401</TypeLivraison><MontantTotAvantTaxes>726.50</MontantTotAvantTaxes><TPS>36.33</TPS><TVQ>70.83</TVQ><PoidsTotal>27.3</PoidsTotal><Statut>0</Statut><NoAutorisation>3957</NoAutorisation></PPCommandes>
<PPCommandes><NoCommande>8</NoCommande><NoClient>10001</NoClient><NoVendeur>16</NoVendeur><DateCommande>1/26/2019&#160;11:22</DateCommande><CoutLivraison>0.00</CoutLivraison><TypeLivraison>401</TypeLivraison><MontantTotAvantTaxes>50.98</MontantTotAvantTaxes><TPS>2.55</TPS><TVQ>4.97</TVQ><PoidsTotal>5.8</PoidsTotal><Statut>0</Statut><NoAutorisation>3259</NoAutorisation></PPCommandes>
<PPCommandes><NoCommande>9</NoCommande><NoClient>10020</NoClient><NoVendeur>12</NoVendeur><DateCommande>1/27/2019&#160;13:14</DateCommande><CoutLivraison>4.50</CoutLivraison><TypeLivraison>401</TypeLivraison><MontantTotAvantTaxes>2.58</MontantTotAvantTaxes><TPS>0.35</TPS><TVQ>0.69</TVQ><PoidsTotal>0.2</PoidsTotal><Statut>1</Statut><NoAutorisation>3283</NoAutorisation></PPCommandes>
<PPCommandes><NoCommande>10</NoCommande><NoClient>10020</NoClient><NoVendeur>16</NoVendeur><DateCommande>1/27/2019&#160;13:27</DateCommande><CoutLivraison>4.50</CoutLivraison><TypeLivraison>401</TypeLivraison><MontantTotAvantTaxes>20.94</MontantTotAvantTaxes><TPS>1.27</TPS><TVQ>2.48</TVQ><PoidsTotal>1.2</PoidsTotal><Statut>0</Statut><NoAutorisation>2627</NoAutorisation></PPCommandes>
<PPCommandes><NoCommande>11</NoCommande><NoClient>10014</NoClient><NoVendeur>14</NoVendeur><DateCommande>1/27/2019&#160;14:53</DateCommande><CoutLivraison>6.75</CoutLivraison><TypeLivraison>402</TypeLivraison><MontantTotAvantTaxes>74.25</MontantTotAvantTaxes><TPS>4.05</TPS><TVQ>0.00</TVQ><PoidsTotal>4.3</PoidsTotal><Statut>0</Statut><NoAutorisation>1283</NoAutorisation></PPCommandes>
<PPCommandes><NoCommande>12</NoCommande><NoClient>10014</NoClient><NoVendeur>16</NoVendeur><DateCommande>1/27/2019&#160;15:05</DateCommande><CoutLivraison>0.00</CoutLivraison><TypeLivraison>401</TypeLivraison><MontantTotAvantTaxes>1950.98</MontantTotAvantTaxes><TPS>97.55</TPS><TVQ>190.22</TVQ><PoidsTotal>0.6</PoidsTotal><Statut>1</Statut><NoAutorisation>1888</NoAutorisation></PPCommandes>
<PPCommandes><NoCommande>13</NoCommande><NoClient>10004</NoClient><NoVendeur>14</NoVendeur><DateCommande>1/28/2019&#160;17:59</DateCommande><CoutLivraison>0.00</CoutLivraison><TypeLivraison>401</TypeLivraison><MontantTotAvantTaxes>106.18</MontantTotAvantTaxes><TPS>5.31</TPS><TVQ>0.00</TVQ><PoidsTotal>1.1</PoidsTotal><Statut>0</Statut><NoAutorisation>4183</NoAutorisation></PPCommandes>
<PPCommandes><NoCommande>14</NoCommande><NoClient>10018</NoClient><NoVendeur>12</NoVendeur><DateCommande>1/29/2019&#160;19:31</DateCommande><CoutLivraison>25.0</CoutLivraison><TypeLivraison>401</TypeLivraison><MontantTotAvantTaxes>27.57</MontantTotAvantTaxes><TPS>2.63</TPS><TVQ>5.13</TVQ><PoidsTotal>22.2</PoidsTotal><Statut>0</Statut><NoAutorisation>4430</NoAutorisation></PPCommandes>
<PPCommandes><NoCommande>15</NoCommande><NoClient>10020</NoClient><NoVendeur>12</NoVendeur><DateCommande>1/30/2019&#160;18:24</DateCommande><CoutLivraison>0.00</CoutLivraison><TypeLivraison>403</TypeLivraison><MontantTotAvantTaxes>174.99</MontantTotAvantTaxes><TPS>8.75</TPS><TVQ>17.06</TVQ><PoidsTotal>121.0</PoidsTotal><Statut>1</Statut><NoAutorisation>4598</NoAutorisation></PPCommandes>
<PPCommandes><NoCommande>16</NoCommande><NoClient>10019</NoClient><NoVendeur>12</NoVendeur><DateCommande>1/31/2019&#160;18:04</DateCommande><CoutLivraison>29.00</CoutLivraison><TypeLivraison>402</TypeLivraison><MontantTotAvantTaxes>99.00</MontantTotAvantTaxes><TPS>6.40</TPS><TVQ>12.48</TVQ><PoidsTotal>37.0</PoidsTotal><Statut>0</Statut><NoAutorisation>3639</NoAutorisation></PPCommandes>
<PPCommandes><NoCommande>17</NoCommande><NoClient>10014</NoClient><NoVendeur>16</NoVendeur><DateCommande>2/1/2019&#160;21:18</DateCommande><CoutLivraison>0.00</CoutLivraison><TypeLivraison>401</TypeLivraison><MontantTotAvantTaxes>52.98</MontantTotAvantTaxes><TPS>2.65</TPS><TVQ>5.17</TVQ><PoidsTotal>5.6</PoidsTotal><Statut>1</Statut><NoAutorisation>2937</NoAutorisation></PPCommandes>
<PPCommandes><NoCommande>18</NoCommande><NoClient>10025</NoClient><NoVendeur>20</NoVendeur><DateCommande>2/24/2019&#160;14:30</DateCommande><CoutLivraison>0.00</CoutLivraison><TypeLivraison>401</TypeLivraison><MontantTotAvantTaxes>50.00</MontantTotAvantTaxes><TPS>2.50</TPS><TVQ>4.88</TVQ><PoidsTotal>4.0</PoidsTotal><Statut>0</Statut><NoAutorisation>2098</NoAutorisation></PPCommandes>
<PPCommandes></PPCommandes>
</dataroot>
