<?xml version="1.0" standalone="yes"?>
<dataroot xmlns:od="urn:schemas-microsoft-com:officedata">
<PPDetailsCommandes><NoDetailCommandes>1</NoDetailCommandes><NoCommande>1</NoCommande><NoProduit>1100001</NoProduit><PrixVente>100.00</PrixVente><Quantit_>1</Quantit_></PPDetailsCommandes>
<PPDetailsCommandes><NoDetailCommandes>2</NoDetailCommandes><NoCommande>1</NoCommande><NoProduit>1100030</NoProduit><PrixVente>600.00</PrixVente><Quantit_>1</Quantit_></PPDetailsCommandes>
<PPDetailsCommandes><NoDetailCommandes>3</NoDetailCommandes><NoCommande>2</NoCommande><NoProduit>1200006</NoProduit><PrixVente>184.00</PrixVente><Quantit_>1</Quantit_></PPDetailsCommandes>
<PPDetailsCommandes><NoDetailCommandes>4</NoDetailCommandes><NoCommande>2</NoCommande><NoProduit>1200007</NoProduit><PrixVente>199.00</PrixVente><Quantit_>1</Quantit_></PPDetailsCommandes>
<PPDetailsCommandes><NoDetailCommandes>5</NoDetailCommandes><NoCommande>2</NoCommande><NoProduit>1200008</NoProduit><PrixVente>249.00</PrixVente><Quantit_>1</Quantit_></PPDetailsCommandes>
<PPDetailsCommandes><NoDetailCommandes>6</NoDetailCommandes><NoCommande>2</NoCommande><NoProduit>1200009</NoProduit><PrixVente>149.00</PrixVente><Quantit_>1</Quantit_></PPDetailsCommandes>
<PPDetailsCommandes><NoDetailCommandes>7</NoDetailCommandes><NoCommande>3</NoCommande><NoProduit>1100002</NoProduit><PrixVente>10.00</PrixVente><Quantit_>1</Quantit_></PPDetailsCommandes>
<PPDetailsCommandes><NoDetailCommandes>8</NoDetailCommandes><NoCommande>3</NoCommande><NoProduit>1100003</NoProduit><PrixVente>1300.00</PrixVente><Quantit_>1</Quantit_></PPDetailsCommandes>
<PPDetailsCommandes><NoDetailCommandes>9</NoDetailCommandes><NoCommande>3</NoCommande><NoProduit>1100004</NoProduit><PrixVente>5.00</PrixVente><Quantit_>1</Quantit_></PPDetailsCommandes>
<PPDetailsCommandes><NoDetailCommandes>10</NoDetailCommandes><NoCommande>4</NoCommande><NoProduit>1200010</NoProduit><PrixVente>259.00</PrixVente><Quantit_>1</Quantit_></PPDetailsCommandes>
<PPDetailsCommandes><NoDetailCommandes>11</NoDetailCommandes><NoCommande>4</NoCommande><NoProduit>1200011</NoProduit><PrixVente>26.00</PrixVente><Quantit_>4</Quantit_></PPDetailsCommandes>
<PPDetailsCommandes><NoDetailCommandes>12</NoDetailCommandes><NoCommande>5</NoCommande><NoProduit>1600002</NoProduit><PrixVente>39.99</PrixVente><Quantit_>1</Quantit_></PPDetailsCommandes>
<PPDetailsCommandes><NoDetailCommandes>13</NoDetailCommandes><NoCommande>5</NoCommande><NoProduit>1600006</NoProduit><PrixVente>129.00</PrixVente><Quantit_>1</Quantit_></PPDetailsCommandes>
<PPDetailsCommandes><NoDetailCommandes>14</NoDetailCommandes><NoCommande>5</NoCommande><NoProduit>1600008</NoProduit><PrixVente>35.00</PrixVente><Quantit_>1</Quantit_></PPDetailsCommandes>
<PPDetailsCommandes><NoDetailCommandes>15</NoDetailCommandes><NoCommande>6</NoCommande><NoProduit>1200001</NoProduit><PrixVente>399.00</PrixVente><Quantit_>1</Quantit_></PPDetailsCommandes>
<PPDetailsCommandes><NoDetailCommandes>16</NoDetailCommandes><NoCommande>6</NoCommande><NoProduit>1200002</NoProduit><PrixVente>24.99</PrixVente><Quantit_>1</Quantit_></PPDetailsCommandes>
<PPDetailsCommandes><NoDetailCommandes>17</NoDetailCommandes><NoCommande>6</NoCommande><NoProduit>1200005</NoProduit><PrixVente>179.00</PrixVente><Quantit_>1</Quantit_></PPDetailsCommandes>
<PPDetailsCommandes><NoDetailCommandes>18</NoDetailCommandes><NoCommande>7</NoCommande><NoProduit>1100031</NoProduit><PrixVente>670.15</PrixVente><Quantit_>1</Quantit_></PPDetailsCommandes>
<PPDetailsCommandes><NoDetailCommandes>19</NoDetailCommandes><NoCommande>7</NoCommande><NoProduit>1100032</NoProduit><PrixVente>56.35</PrixVente><Quantit_>1</Quantit_></PPDetailsCommandes>
<PPDetailsCommandes><NoDetailCommandes>20</NoDetailCommandes><NoCommande>8</NoCommande><NoProduit>1600004</NoProduit><PrixVente>10.99</PrixVente><Quantit_>1</Quantit_></PPDetailsCommandes>
<PPDetailsCommandes><NoDetailCommandes>21</NoDetailCommandes><NoCommande>8</NoCommande><NoProduit>1600009</NoProduit><PrixVente>39.99</PrixVente><Quantit_>1</Quantit_></PPDetailsCommandes>
<PPDetailsCommandes><NoDetailCommandes>22</NoDetailCommandes><NoCommande>9</NoCommande><NoProduit>1200013</NoProduit><PrixVente>1.29</PrixVente><Quantit_>2</Quantit_></PPDetailsCommandes>
<PPDetailsCommandes><NoDetailCommandes>23</NoDetailCommandes><NoCommande>10</NoCommande><NoProduit>1600028</NoProduit><PrixVente>6.47</PrixVente><Quantit_>1</Quantit_></PPDetailsCommandes>
<PPDetailsCommandes><NoDetailCommandes>24</NoDetailCommandes><NoCommande>10</NoCommande><NoProduit>1600029</NoProduit><PrixVente>10.69</PrixVente><Quantit_>1</Quantit_></PPDetailsCommandes>
<PPDetailsCommandes><NoDetailCommandes>25</NoDetailCommandes><NoCommande>10</NoCommande><NoProduit>1600030</NoProduit><PrixVente>3.78</PrixVente><Quantit_>1</Quantit_></PPDetailsCommandes>
<PPDetailsCommandes><NoDetailCommandes>26</NoDetailCommandes><NoCommande>11</NoCommande><NoProduit>1400001</NoProduit><PrixVente>20.00</PrixVente><Quantit_>1</Quantit_></PPDetailsCommandes>
<PPDetailsCommandes><NoDetailCommandes>27</NoDetailCommandes><NoCommande>11</NoCommande><NoProduit>1400019</NoProduit><PrixVente>54.25</PrixVente><Quantit_>1</Quantit_></PPDetailsCommandes>
<PPDetailsCommandes><NoDetailCommandes>28</NoDetailCommandes><NoCommande>12</NoCommande><NoProduit>1600016</NoProduit><PrixVente>449.99</PrixVente><Quantit_>1</Quantit_></PPDetailsCommandes>
<PPDetailsCommandes><NoDetailCommandes>29</NoDetailCommandes><NoCommande>12</NoCommande><NoProduit>1600017</NoProduit><PrixVente>1500.99</PrixVente><Quantit_>1</Quantit_></PPDetailsCommandes>
<PPDetailsCommandes><NoDetailCommandes>30</NoDetailCommandes><NoCommande>13</NoCommande><NoProduit>1400014</NoProduit><PrixVente>21.70</PrixVente><Quantit_>1</Quantit_></PPDetailsCommandes>
<PPDetailsCommandes><NoDetailCommandes>31</NoDetailCommandes><NoCommande>13</NoCommande><NoProduit>1400015</NoProduit><PrixVente>42.72</PrixVente><Quantit_>1</Quantit_></PPDetailsCommandes>
<PPDetailsCommandes><NoDetailCommandes>32</NoDetailCommandes><NoCommande>13</NoCommande><NoProduit>1400016</NoProduit><PrixVente>25.76</PrixVente><Quantit_>1</Quantit_></PPDetailsCommandes>
<PPDetailsCommandes><NoDetailCommandes>33</NoDetailCommandes><NoCommande>13</NoCommande><NoProduit>1400017</NoProduit><PrixVente>16.00</PrixVente><Quantit_>1</Quantit_></PPDetailsCommandes>
<PPDetailsCommandes><NoDetailCommandes>34</NoDetailCommandes><NoCommande>14</NoCommande><NoProduit>1200002</NoProduit><PrixVente>24.99</PrixVente><Quantit_>1</Quantit_></PPDetailsCommandes>
<PPDetailsCommandes><NoDetailCommandes>35</NoDetailCommandes><NoCommande>14</NoCommande><NoProduit>1200013</NoProduit><PrixVente>1.29</PrixVente><Quantit_>2</Quantit_></PPDetailsCommandes>
<PPDetailsCommandes><NoDetailCommandes>36</NoDetailCommandes><NoCommande>15</NoCommande><NoProduit>1200003</NoProduit><PrixVente>89.99</PrixVente><Quantit_>1</Quantit_></PPDetailsCommandes>
<PPDetailsCommandes><NoDetailCommandes>37</NoDetailCommandes><NoCommande>15</NoCommande><NoProduit>1200004</NoProduit><PrixVente>85.00</PrixVente><Quantit_>1</Quantit_></PPDetailsCommandes>
<PPDetailsCommandes><NoDetailCommandes>38</NoDetailCommandes><NoCommande>16</NoCommande><NoProduit>1200012</NoProduit><PrixVente>99.00</PrixVente><Quantit_>1</Quantit_></PPDetailsCommandes>
<PPDetailsCommandes><NoDetailCommandes>39</NoDetailCommandes><NoCommande>17</NoCommande><NoProduit>1600033</NoProduit><PrixVente>24.99</PrixVente><Quantit_>1</Quantit_></PPDetailsCommandes>
<PPDetailsCommandes><NoDetailCommandes>40</NoDetailCommandes><NoCommande>17</NoCommande><NoProduit>1600034</NoProduit><PrixVente>14.99</PrixVente><Quantit_>1</Quantit_></PPDetailsCommandes>
<PPDetailsCommandes><NoDetailCommandes>41</NoDetailCommandes><NoCommande>17</NoCommande><NoProduit>1600035</NoProduit><PrixVente>27.99</PrixVente><Quantit_>1</Quantit_></PPDetailsCommandes>
<PPDetailsCommandes><NoDetailCommandes>42</NoDetailCommandes><NoCommande>17</NoCommande><NoProduit>1600036</NoProduit><PrixVente>24.99</PrixVente><Quantit_>1</Quantit_></PPDetailsCommandes>
<PPDetailsCommandes></PPDetailsCommandes>
</dataroot>
