<?xml version="1.0" standalone="yes"?>
<dataroot xmlns:od="urn:schemas-microsoft-com:officedata">
<PPHistoriquePaiements><NoHistorique>1</NoHistorique><MontantVenteAvantLivraison>700.00</MontantVenteAvantLivraison><NoVendeur>11</NoVendeur><NoClient>10001</NoClient><NoCommande>1</NoCommande><DateVente>1/13/2019&#160;13:13</DateVente><NoAutorisation>4389</NoAutorisation><FraisLesi>41.41</FraisLesi><Redevance>35.00</Redevance><FraisLivraison>0.00</FraisLivraison><FraisTPS>35.00</FraisTPS><FraisTVQ>68.25</FraisTVQ></PPHistoriquePaiements>
<PPHistoriquePaiements><NoHistorique>2</NoHistorique><MontantVenteAvantLivraison>781.00</MontantVenteAvantLivraison><NoVendeur>12</NoVendeur><NoClient>10008</NoClient><NoCommande>2</NoCommande><DateVente>1/19/2019&#160;10:25</DateVente><NoAutorisation>1707</NoAutorisation><FraisLesi>46.06</FraisLesi><Redevance>117.15</Redevance><FraisLivraison>0.00</FraisLivraison><FraisTPS>39.05</FraisTPS><FraisTVQ>76.15</FraisTVQ></PPHistoriquePaiements>
<PPHistoriquePaiements><NoHistorique>3</NoHistorique><MontantVenteAvantLivraison>1315.00</MontantVenteAvantLivraison><NoVendeur>11</NoVendeur><NoClient>10001</NoClient><NoCommande>3</NoCommande><DateVente>1/20/2019&#160;14:22</DateVente><NoAutorisation>3107</NoAutorisation><FraisLesi>76.70</FraisLesi><Redevance>65.75</Redevance><FraisLivraison>0.00</FraisLivraison><FraisTPS>65.75</FraisTPS><FraisTVQ>128.21</FraisTVQ></PPHistoriquePaiements>
<PPHistoriquePaiements><NoHistorique>4</NoHistorique><MontantVenteAvantLivraison>363.00</MontantVenteAvantLivraison><NoVendeur>12</NoVendeur><NoClient>10014</NoClient><NoCommande>4</NoCommande><DateVente>1/22/2019&#160;19:16</DateVente><NoAutorisation>1042</NoAutorisation><FraisLesi>22.08</FraisLesi><Redevance>54.45</Redevance><FraisLivraison>0.00</FraisLivraison><FraisTPS>18.15</FraisTPS><FraisTVQ>35.39</FraisTVQ></PPHistoriquePaiements>
<PPHistoriquePaiements><NoHistorique>5</NoHistorique><MontantVenteAvantLivraison>203.99</MontantVenteAvantLivraison><NoVendeur>16</NoVendeur><NoClient>10014</NoClient><NoCommande>5</NoCommande><DateVente>1/22/2019&#160;19:28</DateVente><NoAutorisation>3389</NoAutorisation><FraisLesi>14.62</FraisLesi><Redevance>10.20</Redevance><FraisLivraison>29.00</FraisLivraison><FraisTPS>11.65</FraisTPS><FraisTVQ>22.72</FraisTVQ></PPHistoriquePaiements>
<PPHistoriquePaiements><NoHistorique>6</NoHistorique><MontantVenteAvantLivraison>602.99</MontantVenteAvantLivraison><NoVendeur>12</NoVendeur><NoClient>10002</NoClient><NoCommande>6</NoCommande><DateVente>1/25/2019&#160;20:23</DateVente><NoAutorisation>4472</NoAutorisation><FraisLesi>35.85</FraisLesi><Redevance>90.45</Redevance><FraisLivraison>0.00</FraisLivraison><FraisTPS>30.15</FraisTPS><FraisTVQ>58.79</FraisTVQ></PPHistoriquePaiements>
<PPHistoriquePaiements><NoHistorique>7</NoHistorique><MontantVenteAvantLivraison>726.50</MontantVenteAvantLivraison><NoVendeur>11</NoVendeur><NoClient>10001</NoClient><NoCommande>7</NoCommande><DateVente>1/26/2019&#160;11:08</DateVente><NoAutorisation>3957</NoAutorisation><FraisLesi>42.93</FraisLesi><Redevance>36.33</Redevance><FraisLivraison>0.00</FraisLivraison><FraisTPS>36.33</FraisTPS><FraisTVQ>70.83</FraisTVQ></PPHistoriquePaiements>
<PPHistoriquePaiements><NoHistorique>8</NoHistorique><MontantVenteAvantLivraison>50.98</MontantVenteAvantLivraison><NoVendeur>16</NoVendeur><NoClient>10001</NoClient><NoCommande>8</NoCommande><DateVente>1/26/2019&#160;11:22</DateVente><NoAutorisation>3259</NoAutorisation><FraisLesi>4.18</FraisLesi><Redevance>2.55</Redevance><FraisLivraison>0.00</FraisLivraison><FraisTPS>2.55</FraisTPS><FraisTVQ>4.97</FraisTVQ></PPHistoriquePaiements>
<PPHistoriquePaiements><NoHistorique>9</NoHistorique><MontantVenteAvantLivraison>2.58</MontantVenteAvantLivraison><NoVendeur>12</NoVendeur><NoClient>10020</NoClient><NoCommande>9</NoCommande><DateVente>1/27/2019&#160;13:14</DateVente><NoAutorisation>3283</NoAutorisation><FraisLesi>1.66</FraisLesi><Redevance>0.39</Redevance><FraisLivraison>4.50</FraisLivraison><FraisTPS>0.35</FraisTPS><FraisTVQ>0.69</FraisTVQ></PPHistoriquePaiements>
<PPHistoriquePaiements><NoHistorique>10</NoHistorique><MontantVenteAvantLivraison>20.94</MontantVenteAvantLivraison><NoVendeur>16</NoVendeur><NoClient>10020</NoClient><NoCommande>10</NoCommande><DateVente>1/27/2019&#160;13:27</DateVente><NoAutorisation>2627</NoAutorisation><FraisLesi>2.71</FraisLesi><Redevance>1.05</Redevance><FraisLivraison>4.50</FraisLivraison><FraisTPS>1.27</FraisTPS><FraisTVQ>2.48</FraisTVQ></PPHistoriquePaiements>
<PPHistoriquePaiements><NoHistorique>11</NoHistorique><MontantVenteAvantLivraison>74.25</MontantVenteAvantLivraison><NoVendeur>14</NoVendeur><NoClient>10014</NoClient><NoCommande>11</NoCommande><DateVente>1/27/2019&#160;14:53</DateVente><NoAutorisation>1283</NoAutorisation><FraisLesi>5.50</FraisLesi><Redevance>7.43</Redevance><FraisLivraison>6.75</FraisLivraison><FraisTPS>4.05</FraisTPS><FraisTVQ>0.00</FraisTVQ></PPHistoriquePaiements>
<PPHistoriquePaiements><NoHistorique>12</NoHistorique><MontantVenteAvantLivraison>1950.98</MontantVenteAvantLivraison><NoVendeur>16</NoVendeur><NoClient>10014</NoClient><NoCommande>12</NoCommande><DateVente>1/27/2019&#160;15:05</DateVente><NoAutorisation>1888</NoAutorisation><FraisLesi>113.19</FraisLesi><Redevance>97.55</Redevance><FraisLivraison>0.00</FraisLivraison><FraisTPS>97.55</FraisTPS><FraisTVQ>190.22</FraisTVQ></PPHistoriquePaiements>
<PPHistoriquePaiements><NoHistorique>13</NoHistorique><MontantVenteAvantLivraison>106.18</MontantVenteAvantLivraison><NoVendeur>14</NoVendeur><NoClient>10004</NoClient><NoCommande>13</NoCommande><DateVente>1/28/2019&#160;18:00</DateVente><NoAutorisation>4183</NoAutorisation><FraisLesi>6.82</FraisLesi><Redevance>10.62</Redevance><FraisLivraison>0.00</FraisLivraison><FraisTPS>5.31</FraisTPS><FraisTVQ>0.00</FraisTVQ></PPHistoriquePaiements>
<PPHistoriquePaiements><NoHistorique>14</NoHistorique><MontantVenteAvantLivraison>27.57</MontantVenteAvantLivraison><NoVendeur>12</NoVendeur><NoClient>10018</NoClient><NoCommande>14</NoCommande><DateVente>1/29/2019&#160;19:31</DateVente><NoAutorisation>4430</NoAutorisation><FraisLesi>4.27</FraisLesi><Redevance>4.14</Redevance><FraisLivraison>25.0</FraisLivraison><FraisTPS>2.63</FraisTPS><FraisTVQ>5.13</FraisTVQ></PPHistoriquePaiements>
<PPHistoriquePaiements><NoHistorique>15</NoHistorique><MontantVenteAvantLivraison>174.99</MontantVenteAvantLivraison><NoVendeur>12</NoVendeur><NoClient>10020</NoClient><NoCommande>15</NoCommande><DateVente>1/30/2019&#160;18:24</DateVente><NoAutorisation>4598</NoAutorisation><FraisLesi>11.29</FraisLesi><Redevance>26.25</Redevance><FraisLivraison>0.00</FraisLivraison><FraisTPS>8.75</FraisTPS><FraisTVQ>17.06</FraisTVQ></PPHistoriquePaiements>
<PPHistoriquePaiements><NoHistorique>16</NoHistorique><MontantVenteAvantLivraison>99.00</MontantVenteAvantLivraison><NoVendeur>12</NoVendeur><NoClient>10019</NoClient><NoCommande>16</NoCommande><DateVente>1/31/2019&#160;18:04</DateVente><NoAutorisation>3639</NoAutorisation><FraisLesi>8.59</FraisLesi><Redevance>14.85</Redevance><FraisLivraison>29.00</FraisLivraison><FraisTPS>6.40</FraisTPS><FraisTVQ>12.48</FraisTVQ></PPHistoriquePaiements>
<PPHistoriquePaiements><NoHistorique>17</NoHistorique><MontantVenteAvantLivraison>52.98</MontantVenteAvantLivraison><NoVendeur>16</NoVendeur><NoClient>10014</NoClient><NoCommande>17</NoCommande><DateVente>2/1/2019&#160;21:18</DateVente><NoAutorisation>2937</NoAutorisation><FraisLesi>4.29</FraisLesi><Redevance>2.65</Redevance><FraisLivraison>0.00</FraisLivraison><FraisTPS>2.65</FraisTPS><FraisTVQ>5.17</FraisTVQ></PPHistoriquePaiements>
<PPHistoriquePaiements></PPHistoriquePaiements>
</dataroot>
