<?xml version="1.0" standalone="yes"?>
<dataroot xmlns:od="urn:schemas-microsoft-com:officedata">
<PPProduits><NoProduit>1100001</NoProduit><NoVendeur>11</NoVendeur><NoCategorie>501</NoCategorie><Nom>Aspirateur&#160;central</Nom><Description>Aspirateur&#160;Allegro.&#160;&#160;Comme&#160;neuf.&#160;&#160;Vient&#160;avec&#160;tous&#160;les&#160;accessoires.&#160;&#160;Bon&#160;état.</Description><Photo>1100001.jpg</Photo><PrixDemande>100.00</PrixDemande><NombreItems>0</NombreItems><Disponibilit_>1</Disponibilit_><DateVente>3/8/2019&#160;23:59</DateVente><PrixVente>100.00</PrixVente><Poids>30.0</Poids><DateCreation>1/8/2019&#160;9:03</DateCreation><DateMAJ>NULL</DateMAJ></PPProduits>
<PPProduits><NoProduit>1100002</NoProduit><NoVendeur>11</NoVendeur><NoCategorie>503</NoCategorie><Nom>Imprimante</Nom><Description>Imprimante&#160;Epson&#160;serie&#160;i560.&#160;Ecore&#160;en&#160;bon&#160;état.&#160;&#160;Vendue&#160;sans&#160;garantie.&#160;</Description><Photo>1100002.jpg</Photo><PrixDemande>10.00</PrixDemande><NombreItems>0</NombreItems><Disponibilit_>1</Disponibilit_><DateVente>3/9/2019&#160;23:59</DateVente><PrixVente>10.00</PrixVente><Poids>7.5</Poids><DateCreation>1/9/2019&#160;9:00</DateCreation><DateMAJ>NULL</DateMAJ></PPProduits>
<PPProduits><NoProduit>1100003</NoProduit><NoVendeur>11</NoVendeur><NoCategorie>503</NoCategorie><Nom>Laptop</Nom><Description>Acer,&#160;AMD&#160;Turion,&#160;1600&#160;MH,&#160;disque&#160;120&#160;Go,&#160;écran&#160;15&#160;pouces&#160;DVD&#160;RW</Description><Photo>1100003.jpg</Photo><PrixDemande>1300.00</PrixDemande><NombreItems>0</NombreItems><Disponibilit_>1</Disponibilit_><DateVente>3/9/2019&#160;23:59</DateVente><PrixVente>1300.00</PrixVente><Poids>6.5</Poids><DateCreation>1/9/2019&#160;9:10</DateCreation><DateMAJ>NULL</DateMAJ></PPProduits>
<PPProduits><NoProduit>1100004</NoProduit><NoVendeur>11</NoVendeur><NoCategorie>503</NoCategorie><Nom>Scanner&#160;FUTJITSU</Nom><Description>Scanner&#160;pour&#160;long&#160;document.&#160;&#160;Couleur&#160;noire.&#160;&#160;Encore&#160;en&#160;bonne&#160;condition.&#160;&#160;Cable&#160;fourni.&#160;&#160;Driver&#160;soumis.</Description><Photo>1100004.jpg</Photo><PrixDemande>5.00</PrixDemande><NombreItems>0</NombreItems><Disponibilit_>1</Disponibilit_><DateVente>3/9/2019&#160;23:59</DateVente><PrixVente>5.00</PrixVente><Poids>10.0</Poids><DateCreation>1/9/2019&#160;9:25</DateCreation><DateMAJ>NULL</DateMAJ></PPProduits>
<PPProduits><NoProduit>1100005</NoProduit><NoVendeur>11</NoVendeur><NoCategorie>503</NoCategorie><Nom>Imprimantes&#160;pour&#160;les&#160;pièces</Nom><Description>Vendues&#160;seule&#160;ou&#160;en&#160;lot&#160;(5).&#160;&#160;Marques&#160;variées.&#160;&#160;Certaines&#160;en&#160;état&#160;de&#160;marche</Description><Photo>1100005.jpg</Photo><PrixDemande>5.00</PrixDemande><NombreItems>5</NombreItems><Disponibilit_>1</Disponibilit_><DateVente>3/9/2019&#160;23:59</DateVente><PrixVente>5.00</PrixVente><Poids>7.5</Poids><DateCreation>1/9/2019&#160;9:38</DateCreation><DateMAJ>NULL</DateMAJ></PPProduits>
<PPProduits><NoProduit>1100006</NoProduit><NoVendeur>11</NoVendeur><NoCategorie>503</NoCategorie><Nom>Vidéotron&#160;illico&#160;términal&#160;enregistreur</Nom><Description>Términal&#160;illico&#160;enregistreur&#160;haute&#160;définition&#160;modèle&#160;Samsung&#160;smt-c8340&#160;pvr&#160;récente&#160;génération</Description><Photo>1100006.JPG</Photo><PrixDemande>150.00</PrixDemande><NombreItems>1</NombreItems><Disponibilit_>1</Disponibilit_><DateVente>3/9/2019&#160;23:59</DateVente><PrixVente>150.00</PrixVente><Poids>4.5</Poids><DateCreation>1/9/2019&#160;9:45</DateCreation><DateMAJ>NULL</DateMAJ></PPProduits>
<PPProduits><NoProduit>1100007</NoProduit><NoVendeur>11</NoVendeur><NoCategorie>504</NoCategorie><Nom>Lit&#160;d'enfant</Nom><Description>Lit&#160;jumeau&#160;superposé.&#160;&#160;Echelle&#160;placable&#160;à&#160;chaque&#160;bout.&#160;&#160;Bureau&#160;intégré.&#160;&#160;Chaise&#160;fourni.&#160;&#160;Bois&#160;verni.&#160;&#160;Aucun&#160;matelas&#160;fourni.</Description><Photo>1100007.jpg</Photo><PrixDemande>45.00</PrixDemande><NombreItems>1</NombreItems><Disponibilit_>1</Disponibilit_><DateVente>3/10/2019&#160;23:59</DateVente><PrixVente>40.00</PrixVente><Poids>150.0</Poids><DateCreation>1/10/2019&#160;9:01</DateCreation><DateMAJ>NULL</DateMAJ></PPProduits>
<PPProduits><NoProduit>1100008</NoProduit><NoVendeur>11</NoVendeur><NoCategorie>504</NoCategorie><Nom>Parc&#160;Ridgedale&#160;d'Ingenuity</Nom><Description>Le&#160;parc&#160;Ridgedale&#160;d'Ingenuity&#160;est&#160;conçu&#160;pour&#160;faciliter&#160;la&#160;vie&#160;des&#160;parents.&#160;Doté&#160;d'éléments&#160;en&#160;tissu&#160;amovibles&#160;et&#160;lavables&#160;à&#160;la&#160;machine,&#160;il&#160;comprend&#160;un&#160;Dream&#160;Centre&#160;avec&#160;berceau&#160;et&#160;une&#160;table&#160;à&#160;langer&#160;Just&#160;Right&#160;Height.&#160;La&#160;fonction&#160;OneLessStep&#160;vous&#160;permet&#160;de&#160;replier&#160;le&#160;parc&#160;sans&#160;avoir&#160;à&#160;retirer&#160;le&#160;berceau.</Description><Photo>1100008.jpg</Photo><PrixDemande>249.99</PrixDemande><NombreItems>3</NombreItems><Disponibilit_>1</Disponibilit_><DateVente>3/10/2019&#160;23:59</DateVente><PrixVente>199.99</PrixVente><Poids>22.0</Poids><DateCreation>1/10/2019&#160;9:21</DateCreation><DateMAJ>NULL</DateMAJ></PPProduits>
<PPProduits><NoProduit>1100009</NoProduit><NoVendeur>11</NoVendeur><NoCategorie>504</NoCategorie><Nom>Siège&#160;d'auto&#160;Primo&#160;Viaggio&#160;4-35</Nom><Description>Protection&#160;en&#160;cas&#160;d'Impact&#160;Latéral&#160;qui&#160;s'ajuste&#160;facilement&#160;sur&#160;six&#160;positions&#160;différentes&#160;sans&#160;avoir&#160;à&#160;réenfiler,&#160;même&#160;pendant&#160;que&#160;le&#160;bébé&#160;est&#160;assis&#160;sur&#160;le&#160;siège,&#160;pour&#160;un&#160;meilleur&#160;ajustement&#160;plus&#160;sécuritaire
Pare-soleil&#160;extensible&#160;
Le&#160;panneau&#160;de&#160;tête&#160;a&#160;été&#160;développé&#160;suivant&#160;le&#160;protocole&#160;des&#160;tests&#160;EURO-NCAP
Le&#160;coussin&#160;de&#160;première&#160;étape&#160;offre&#160;plus&#160;de&#160;support&#160;au&#160;niveau&#160;du&#160;cou&#160;et&#160;du&#160;siège&#160;de&#160;bébés&#160;de&#160;1.8&#160;kg&#160;/&#160;4&#160;lb&#160;et&#160;plus
Le&#160;coussin&#160;de&#160;deuxième&#160;étape&#160;supporte&#160;correctement&#160;un&#160;bébé&#160;en&#160;croissance
Les&#160;coussins&#160;permettent&#160;de&#160;garder&#160;la&#160;tête&#160;de&#160;bébé&#160;bien&#160;positionnée&#160;et&#160;sont&#160;faits&#160;de&#160;tissu&#160;respirant</Description><Photo>1100009.jpg</Photo><PrixDemande>349.99</PrixDemande><NombreItems>3</NombreItems><Disponibilit_>1</Disponibilit_><DateVente>3/10/2019&#160;23:59</DateVente><PrixVente>249.99</PrixVente><Poids>21.4</Poids><DateCreation>1/10/2019&#160;9:27</DateCreation><DateMAJ>NULL</DateMAJ></PPProduits>
<PPProduits><NoProduit>1100010</NoProduit><NoVendeur>11</NoVendeur><NoCategorie>505</NoCategorie><Nom>Marteau&#160;à&#160;panne&#160;courbe&#160;avec&#160;poignée&#160;confort</Nom><Description>Le&#160;marteau&#160;à&#160;panne&#160;courbe&#160;avec&#160;poignée&#160;confort&#160;de&#160;marque&#160;Fuller&#160;vous&#160;permet&#160;d'extraire&#160;et&#160;d'enfoncer&#160;des&#160;clous&#160;aisément.&#160;Ce&#160;marteau&#160;est&#160;pourvu&#160;d'une&#160;tête&#160;en&#160;acier&#160;traitée&#160;thermiquement&#160;et&#160;d'un&#160;manche&#160;durci&#160;qui&#160;offrent&#160;une&#160;durabilité&#160;et&#160;une&#160;robustesse&#160;accrue.&#160;Son&#160;anneau&#160;de&#160;protection&#160;en&#160;acier&#160;et&#160;sa&#160;poignée&#160;coussinée&#160;qui&#160;absorbe&#160;les&#160;chocs&#160;procurent&#160;davantage&#160;de&#160;confort&#160;et&#160;de&#160;contrôle.</Description><Photo>1100010.JPG</Photo><PrixDemande>10.99</PrixDemande><NombreItems>3</NombreItems><Disponibilit_>1</Disponibilit_><DateVente>3/11/2019&#160;23:59</DateVente><PrixVente>10.99</PrixVente><Poids>1.0</Poids><DateCreation>1/11/2019&#160;9:03</DateCreation><DateMAJ>NULL</DateMAJ></PPProduits>
<PPProduits><NoProduit>1100011</NoProduit><NoVendeur>11</NoVendeur><NoCategorie>505</NoCategorie><Nom>Jeu&#160;de&#160;6&#160;tournevis</Nom><Description>Cet&#160;ensemble&#160;de&#160;six&#160;tournevis&#160;de&#160;marque&#160;Fuller&#160;est&#160;parfait&#160;pour&#160;tous&#160;vos&#160;projets.&#160;Dotés&#160;d'un&#160;manche&#160;ergonomique&#160;de&#160;couleur&#160;rouge&#160;et&#160;noire,&#160;chacun&#160;des&#160;tournevis&#160;possède&#160;une&#160;lame&#160;en&#160;acier&#160;au&#160;chrome-vanadium&#160;pour&#160;une&#160;durabilité&#160;inégalée.&#160;L'ensemble&#160;est&#160;composé&#160;d'un&#160;tournevis&#160;plat&#160;3/16&quot;&#160;de&#160;3&quot;,&#160;d'un&#160;tournevis&#160;cruciforme&#160;n°&#160;1&#160;de&#160;3&quot;,&#160;d'un&#160;tournevis&#160;carré&#160;n°&#160;1&#160;de&#160;3&quot;,&#160;d'un&#160;tournevis&#160;plat&#160;1/4&quot;&#160;de&#160;4&quot;,&#160;d'un&#160;tournevis&#160;cruciforme&#160;n°2&#160;de&#160;4&quot;&#160;et&#160;d'un&#160;tournevis&#160;carré&#160;n°&#160;2&#160;de&#160;4&quot;.&#160;Ce&#160;jeu&#160;d'outils&#160;est&#160;couvert&#160;par&#160;une&#160;garantie&#160;à&#160;vie.</Description><Photo>1100011.JPG</Photo><PrixDemande>9.99</PrixDemande><NombreItems>3</NombreItems><Disponibilit_>1</Disponibilit_><DateVente>3/11/2019&#160;23:59</DateVente><PrixVente>9.99</PrixVente><Poids>1.9</Poids><DateCreation>1/11/2019&#160;9:08</DateCreation><DateMAJ>NULL</DateMAJ></PPProduits>
<PPProduits><NoProduit>1100012</NoProduit><NoVendeur>11</NoVendeur><NoCategorie>505</NoCategorie><Nom>Scie&#160;à&#160;dos&#160;14&#160;po</Nom><Description>Scie&#160;à&#160;dos.&#160;14&#160;po.&#160;En&#160;acier.&#160;Utilisé&#160;spécifiquement&#160;pour&#160;la&#160;finition&#160;fine,&#160;le&#160;contre-plaqué&#160;et&#160;les&#160;bois&#160;durs.&#160;Conçu&#160;pour&#160;le&#160;découpage&#160;précis&#160;comprenant&#160;des&#160;queues&#160;d'arrondes,&#160;des&#160;degrés&#160;et&#160;des&#160;tenons.&#160;Lame&#160;fixée&#160;à&#160;la&#160;poignée&#160;avec&#160;des&#160;vis&#160;résistantes.&#160;Poignée&#160;d'une&#160;seule&#160;pièce&#160;bimatérielle&#160;solide&#160;pour&#160;une&#160;plus&#160;longue&#160;vie&#160;et&#160;un&#160;confort&#160;accru.</Description><Photo>1100012.JPG</Photo><PrixDemande>26.99</PrixDemande><NombreItems>3</NombreItems><Disponibilit_>1</Disponibilit_><DateVente>3/11/2019&#160;23:59</DateVente><PrixVente>26.99</PrixVente><Poids>1.1</Poids><DateCreation>1/11/2019&#160;9:17</DateCreation><DateMAJ>NULL</DateMAJ></PPProduits>
<PPProduits><NoProduit>1100013</NoProduit><NoVendeur>11</NoVendeur><NoCategorie>505</NoCategorie><Nom>Perceuse&#160;à&#160;percussion&#160;sans&#160;fil,&#160;3&#160;vitesses</Nom><Description>La&#160;perceuse&#160;à&#160;percussion&#160;sans&#160;fil&#160;20V&#160;MAX&#160;de&#160;Dewalt&#160;est&#160;munie&#160;d'un&#160;moteur&#160;sans&#160;brosse&#160;à&#160;haute&#160;puissance&#160;et&#160;efficacité.&#160;Avec&#160;ses&#160;3&#160;vitesses&#160;réversibles,&#160;elle&#160;peut&#160;atteindre&#160;jusqu'à&#160;2250&#160;tr/min.&#160;et&#160;38&#160;250&#160;CPM.&#160;Mandrin&#160;métallique&#160;robuste&#160;avec&#160;insertions&#160;au&#160;carbure.&#160;Son&#160;éclairage&#160;DEL&#160;intégré&#160;fournit&#160;la&#160;lumière&#160;nécessaire&#160;dans&#160;les&#160;espaces&#160;sombres&#160;et&#160;confinés.&#160;Son&#160;mode&#160;projecteur&#160;propose&#160;aussi&#160;une&#160;fonction&#160;d'arrêt&#160;de&#160;20&#160;minutes&#160;permettant&#160;un&#160;temps&#160;de&#160;travail&#160;prolongé.&#160;Batterie&#160;20V&#160;MAX&#160;Lithium-ion&#160;XR,&#160;non-incluse.&#160;Garantie&#160;limitée&#160;de&#160;3&#160;ans.</Description><Photo>1100013.JPG</Photo><PrixDemande>239.00</PrixDemande><NombreItems>3</NombreItems><Disponibilit_>1</Disponibilit_><DateVente>3/11/2019&#160;23:59</DateVente><PrixVente>239.00</PrixVente><Poids>5.5</Poids><DateCreation>1/11/2019&#160;9:24</DateCreation><DateMAJ>NULL</DateMAJ></PPProduits>
<PPProduits><NoProduit>1100014</NoProduit><NoVendeur>11</NoVendeur><NoCategorie>506</NoCategorie><Nom>Skis&#160;Smash&#160;7&#160;avec&#160;fixations&#160;de&#160;Rossignol</Nom><Description>Pour&#160;les&#160;experts&#160;en&#160;devenir.&#160;Les&#160;skis&#160;Smash&#160;7&#160;sont&#160;parfaits&#160;pour&#160;les&#160;descentes&#160;en&#160;centre&#160;de&#160;ski&#160;et&#160;les&#160;escapades&#160;occasionnelles&#160;dans&#160;la&#160;poudreuse.&#160;Ils&#160;combinent&#160;polyvalence&#160;et&#160;flottabilité&#160;tout&#160;en&#160;étant&#160;durables&#160;et&#160;agiles,&#160;convenant&#160;ainsi&#160;aux&#160;skieurs&#160;intermédiaires&#160;à&#160;la&#160;recherche&#160;d'un&#160;véritable&#160;ski&#160;tout-terrain&#160;qui&#160;les&#160;préparera&#160;à&#160;entreprendre&#160;des&#160;descentes&#160;en&#160;puissance.&#160;La&#160;forme&#160;relevée&#160;à&#160;la&#160;spatule&#160;est&#160;bien&#160;adaptée&#160;à&#160;la&#160;poudreuse&#160;pour&#160;combattre&#160;la&#160;fatigue&#160;dans&#160;la&#160;neige&#160;profonde,&#160;tandis&#160;que&#160;le&#160;profil&#160;latéral&#160;assure&#160;une&#160;sensation&#160;de&#160;puissance&#160;et&#160;de&#160;contrôle&#160;sur&#160;les&#160;pistes&#160;damées.&#160;Ils&#160;sont&#160;montés&#160;de&#160;fixations&#160;Look&#160;Xpress&#160;11&#160;maintenant&#160;fermement&#160;vos&#160;pieds&#160;pour&#160;que&#160;vous&#160;puissiez&#160;vous&#160;donner&#160;à&#160;fond.</Description><Photo>1100014.jpg</Photo><PrixDemande>399.00</PrixDemande><NombreItems>3</NombreItems><Disponibilit_>1</Disponibilit_><DateVente>3/12/2019&#160;23:59</DateVente><PrixVente>399.00</PrixVente><Poids>11.9</Poids><DateCreation>1/12/2019&#160;10:01</DateCreation><DateMAJ>NULL</DateMAJ></PPProduits>
<PPProduits><NoProduit>1100015</NoProduit><NoVendeur>11</NoVendeur><NoCategorie>506</NoCategorie><Nom>Bâtons&#160;Via&#160;de&#160;G3</Nom><Description>Des&#160;bâtons&#160;robustes,&#160;ajustables&#160;et&#160;assez&#160;légers&#160;pour&#160;toutes&#160;les&#160;aventures&#160;que&#160;vous&#160;avez&#160;en&#160;vue.&#160;La&#160;tige&#160;en&#160;deux&#160;sections&#160;est&#160;faite&#160;d'aluminium&#160;léger&#160;et&#160;solide&#160;qui&#160;répond&#160;toujours&#160;bien&#160;à&#160;la&#160;demande.</Description><Photo>1100015.jpg</Photo><PrixDemande>99.00</PrixDemande><NombreItems>3</NombreItems><Disponibilit_>1</Disponibilit_><DateVente>3/12/2019&#160;23:59</DateVente><PrixVente>99.00</PrixVente><Poids>1.4</Poids><DateCreation>1/12/2019&#160;10:20</DateCreation><DateMAJ>NULL</DateMAJ></PPProduits>
<PPProduits><NoProduit>1100016</NoProduit><NoVendeur>11</NoVendeur><NoCategorie>506</NoCategorie><Nom>Bottes&#160;de&#160;ski&#160;QST&#160;Access&#160;90&#160;de&#160;Salomon</Nom><Description>Défiez&#160;le&#160;vieil&#160;adage&#160;selon&#160;lequel&#160;il&#160;est&#160;impossible&#160;de&#160;marcher&#160;confortablement&#160;avec&#160;des&#160;bottes&#160;de&#160;ski,&#160;et&#160;facilitez&#160;vos&#160;déplacements&#160;entre&#160;le&#160;chalet&#160;et&#160;la&#160;remontée&#160;mécanique.&#160;Les&#160;bottes&#160;QST&#160;Access&#160;90&#160;sont&#160;dotées&#160;d'un&#160;mécanisme&#160;de&#160;passage&#160;du&#160;mode&#160;marche&#160;au&#160;mode&#160;ski&#160;et&#160;d'une&#160;coque&#160;inférieure&#160;en&#160;forme&#160;de&#160;V&#160;à&#160;l'arrière&#160;qui&#160;facilitent&#160;la&#160;marche.&#160;En&#160;descente,&#160;le&#160;pivot&#160;surdimensionné&#160;procure&#160;un&#160;solide&#160;transfert&#160;de&#160;puissance&#160;et&#160;une&#160;grande&#160;précision.</Description><Photo>1100016.jpg</Photo><PrixDemande>349.00</PrixDemande><NombreItems>3</NombreItems><Disponibilit_>1</Disponibilit_><DateVente>3/12/2019&#160;23:59</DateVente><PrixVente>349.00</PrixVente><Poids>8.6</Poids><DateCreation>1/12/2019&#160;10:40</DateCreation><DateMAJ>NULL</DateMAJ></PPProduits>
<PPProduits><NoProduit>1100017</NoProduit><NoVendeur>11</NoVendeur><NoCategorie>506</NoCategorie><Nom>Casque&#160;de&#160;ski&#160;Verdict&#160;de&#160;K2</Nom><Description>Un&#160;seul&#160;et&#160;même&#160;casque&#160;pour&#160;toute&#160;l'année&#160;:&#160;il&#160;est&#160;homologué&#160;pour&#160;les&#160;sports&#160;d'hiver&#160;et&#160;le&#160;vélo.&#160;Le&#160;système&#160;d'aération&#160;assure&#160;une&#160;bonne&#160;circulation&#160;d'air&#160;dans&#160;le&#160;casque&#160;pour&#160;vous&#160;garder&#160;au&#160;frais&#160;et&#160;bien&#160;concentré,&#160;que&#160;vous&#160;dévaliez&#160;les&#160;pentes&#160;en&#160;skis&#160;ou&#160;que&#160;vous&#160;vous&#160;baladiez&#160;en&#160;ville&#160;sur&#160;deux&#160;roues.</Description><Photo>1100017.jpg</Photo><PrixDemande>84.00</PrixDemande><NombreItems>3</NombreItems><Disponibilit_>1</Disponibilit_><DateVente>3/12/2019&#160;23:59</DateVente><PrixVente>84.00</PrixVente><Poids>1.0</Poids><DateCreation>1/12/2019&#160;10:59</DateCreation><DateMAJ>NULL</DateMAJ></PPProduits>
<PPProduits><NoProduit>1100018</NoProduit><NoVendeur>11</NoVendeur><NoCategorie>506</NoCategorie><Nom>Lunettes&#160;de&#160;ski&#160;Classic&#160;Crest&#160;de&#160;Gordini</Nom><Description>Des&#160;lunettes&#160;de&#160;ski&#160;qui&#160;se&#160;démarquent&#160;par&#160;leur&#160;merveilleuse&#160;simplicité.&#160;Faisant&#160;partie&#160;de&#160;la&#160;gamme&#160;Classic&#160;de&#160;Gordini,&#160;ce&#160;modèle&#160;simple&#160;de&#160;style&#160;rétro&#160;se&#160;caractérise&#160;par&#160;l’absence&#160;de&#160;stabilisateurs,&#160;d'aimants&#160;et&#160;d’autres&#160;gadgets&#160;technologiques&#160;qui&#160;abondent&#160;sur&#160;les&#160;lunettes&#160;de&#160;ski&#160;modernes.&#160;Le&#160;grand&#160;verre&#160;Pro&#160;de&#160;forme&#160;cylindrique&#160;offre&#160;une&#160;vision&#160;nette&#160;sous&#160;tous&#160;les&#160;angles,&#160;tandis&#160;que&#160;la&#160;monture&#160;aérée&#160;diminue&#160;le&#160;risque&#160;de&#160;formation&#160;de&#160;buée.</Description><Photo>1100018.jpg</Photo><PrixDemande>35.00</PrixDemande><NombreItems>3</NombreItems><Disponibilit_>0</Disponibilit_><DateVente>3/12/2019&#160;23:59</DateVente><PrixVente>35.00</PrixVente><Poids>0.6</Poids><DateCreation>1/12/2019&#160;11:14</DateCreation><DateMAJ>NULL</DateMAJ></PPProduits>
<PPProduits><NoProduit>1100019</NoProduit><NoVendeur>11</NoVendeur><NoCategorie>506</NoCategorie><Nom>Manteau&#160;isolant&#160;Centre&#160;Point&#160;de&#160;MEC</Nom><Description>Une&#160;imperméabilité&#160;complète&#160;et&#160;une&#160;bonne&#160;couche&#160;d'isolant&#160;sont&#160;en&#160;général&#160;synonymes&#160;d'une&#160;journée&#160;réussie&#160;sur&#160;les&#160;pentes.&#160;Profitez&#160;de&#160;toutes&#160;les&#160;caractéristiques&#160;pratiques&#160;d'un&#160;manteau&#160;conçu&#160;pour&#160;le&#160;centre&#160;de&#160;ski&#160;(poche&#160;pour&#160;lunettes&#160;de&#160;ski,&#160;bord&#160;pare-neige,&#160;glissière&#160;aux&#160;aisselles&#160;et&#160;design&#160;qui&#160;ne&#160;fait&#160;pas&#160;sourciller&#160;en&#160;ville),&#160;en&#160;plus&#160;d'une&#160;fantastique&#160;protection&#160;contre&#160;les&#160;intempéries&#160;grâce&#160;à&#160;une&#160;étoffe&#160;imper-respirante&#160;deux&#160;couches&#160;et&#160;à&#160;des&#160;coutures&#160;entièrement&#160;scellées.&#160;L'isolant&#160;Hyperloft&#160;et&#160;le&#160;protège-menton&#160;molletonné&#160;assurent&#160;confort&#160;et&#160;chaleur&#160;pendant&#160;la&#160;remontée,&#160;tandis&#160;que&#160;le&#160;système&#160;de&#160;secours&#160;RECCO&#160;vous&#160;permet&#160;d'être&#160;détecté&#160;par&#160;les&#160;patrouilleurs&#160;en&#160;cas&#160;de&#160;pépin.</Description><Photo>1100019.jpg</Photo><PrixDemande>325.00</PrixDemande><NombreItems>3</NombreItems><Disponibilit_>1</Disponibilit_><DateVente>3/12/2019&#160;23:59</DateVente><PrixVente>325.00</PrixVente><Poids>2.1</Poids><DateCreation>1/12/2019&#160;11:23</DateCreation><DateMAJ>NULL</DateMAJ></PPProduits>
<PPProduits><NoProduit>1100020</NoProduit><NoVendeur>11</NoVendeur><NoCategorie>506</NoCategorie><Nom>Pantalon&#160;Descentionist&#160;de&#160;Patagonia</Nom><Description>Une&#160;triple&#160;armure&#160;pour&#160;affronter&#160;des&#160;conditions&#160;extrêmes&#160;dans&#160;l'arrière-pays.&#160;La&#160;construction&#160;trois&#160;couches&#160;est&#160;imper-respirante&#160;pour&#160;maximiser&#160;le&#160;temps&#160;que&#160;vous&#160;passez&#160;à&#160;jouer&#160;dans&#160;la&#160;neige,&#160;et&#160;la&#160;doublure&#160;en&#160;tricot&#160;repousse&#160;l'humidité,&#160;ce&#160;qui&#160;vous&#160;garde&#160;au&#160;chaud&#160;sans&#160;toutefois&#160;vous&#160;faire&#160;surchauffer.&#160;Faite&#160;d'un&#160;mélange&#160;de&#160;nylon&#160;et&#160;de&#160;polyester,&#160;l'étoffe&#160;offre&#160;une&#160;extensibilité&#160;naturelle&#160;qui&#160;ne&#160;restreint&#160;pas&#160;vos&#160;mouvements.&#160;De&#160;plus,&#160;la&#160;coupe&#160;préformée&#160;ajoute&#160;à&#160;la&#160;mobilité&#160;pour&#160;que&#160;vous&#160;descendiez&#160;les&#160;pentes&#160;encore&#160;plus&#160;vite.&#160;Équipé&#160;de&#160;caractéristiques&#160;pratiques&#160;pour&#160;les&#160;skieurs,&#160;ce&#160;pantalon&#160;comporte&#160;des&#160;guêtres&#160;internes,&#160;un&#160;renfort&#160;antiabrasion&#160;dans&#160;le&#160;bas&#160;des&#160;jambes&#160;et&#160;des&#160;ouvertures&#160;d'aération&#160;pour&#160;laisser&#160;sortir&#160;la&#160;chaleur.</Description><Photo>1100020.jpg</Photo><PrixDemande>425.00</PrixDemande><NombreItems>3</NombreItems><Disponibilit_>1</Disponibilit_><DateVente>3/12/2019&#160;23:59</DateVente><PrixVente>425.00</PrixVente><Poids>1.1</Poids><DateCreation>1/12/2019&#160;11:43</DateCreation><DateMAJ>NULL</DateMAJ></PPProduits>
<PPProduits><NoProduit>1100021</NoProduit><NoVendeur>11</NoVendeur><NoCategorie>506</NoCategorie><Nom>Raquettes&#160;Evo&#160;22&#160;de&#160;MSR</Nom><Description>Elles&#160;sont&#160;conçues&#160;pour&#160;assurer&#160;une&#160;grande&#160;traction&#160;pour&#160;toutes&#160;les&#160;conditions&#160;ainsi&#160;qu'une&#160;efficacité&#160;remarquable&#160;sur&#160;les&#160;terrains&#160;vallonneux.</Description><Photo>1100021.jpg</Photo><PrixDemande>169.00</PrixDemande><NombreItems>3</NombreItems><Disponibilit_>1</Disponibilit_><DateVente>3/12/2019&#160;23:59</DateVente><PrixVente>169.00</PrixVente><Poids>3.4</Poids><DateCreation>1/12/2019&#160;13:02</DateCreation><DateMAJ>NULL</DateMAJ></PPProduits>
<PPProduits><NoProduit>1100022</NoProduit><NoVendeur>11</NoVendeur><NoCategorie>506</NoCategorie><Nom>Mitaines&#160;Nordique&#160;de&#160;MEC</Nom><Description>Gardez&#160;vos&#160;petites&#160;pattes&#160;au&#160;chaud&#160;lorsque&#160;la&#160;température&#160;baisse.&#160;Équipées&#160;d'un&#160;isolant&#160;Primaloft&#160;Gold&#160;et&#160;d'empiècements&#160;imper-respirants,&#160;ces&#160;mitaines&#160;légères&#160;protégeront&#160;vos&#160;mains&#160;sans&#160;les&#160;rendre&#160;moites.</Description><Photo>1100022.jpg</Photo><PrixDemande>69.00</PrixDemande><NombreItems>3</NombreItems><Disponibilit_>1</Disponibilit_><DateVente>3/12/2019&#160;23:59</DateVente><PrixVente>69.00</PrixVente><Poids>0.5</Poids><DateCreation>1/12/2019&#160;13:15</DateCreation><DateMAJ>NULL</DateMAJ></PPProduits>
<PPProduits><NoProduit>1100023</NoProduit><NoVendeur>11</NoVendeur><NoCategorie>506</NoCategorie><Nom>Skis&#160;de&#160;fond&#160;Evo&#160;First&#160;49&#160;de&#160;Rossignol</Nom><Description>Apprenez&#160;la&#160;bonne&#160;technique&#160;et&#160;le&#160;contrôle&#160;sur&#160;ces&#160;skis&#160;conçus&#160;spécifiquement&#160;pour&#160;les&#160;débutants.&#160;Grâce&#160;à&#160;leurs&#160;dimensions&#160;réduites,&#160;ils&#160;sont&#160;plus&#160;faciles&#160;à&#160;manœuvrer&#160;et&#160;à&#160;contrôler&#160;dans&#160;les&#160;pentes&#160;et&#160;les&#160;sections&#160;glacées.</Description><Photo>1100023.jpg</Photo><PrixDemande>189.00</PrixDemande><NombreItems>3</NombreItems><Disponibilit_>1</Disponibilit_><DateVente>3/12/2019&#160;23:59</DateVente><PrixVente>189.00</PrixVente><Poids>3.1</Poids><DateCreation>1/12/2019&#160;13:21</DateCreation><DateMAJ>NULL</DateMAJ></PPProduits>
<PPProduits><NoProduit>1100024</NoProduit><NoVendeur>11</NoVendeur><NoCategorie>506</NoCategorie><Nom>Bâtons&#160;Nordic&#160;Classic&#160;de&#160;Komperdell</Nom><Description>Bâtons&#160;de&#160;ski&#160;de&#160;fond&#160;classique&#160;pour&#160;les&#160;sorties&#160;tranquilles.</Description><Photo>1100024.jpg</Photo><PrixDemande>29.00</PrixDemande><NombreItems>3</NombreItems><Disponibilit_>0</Disponibilit_><DateVente>3/12/2019&#160;23:59</DateVente><PrixVente>29.00</PrixVente><Poids>0.8</Poids><DateCreation>1/12/2019&#160;13:37</DateCreation><DateMAJ>NULL</DateMAJ></PPProduits>
<PPProduits><NoProduit>1100025</NoProduit><NoVendeur>11</NoVendeur><NoCategorie>506</NoCategorie><Nom>Bottes&#160;de&#160;ski&#160;X3&#160;de&#160;Rossignol</Nom><Description>Des&#160;bottes&#160;polyvalentes&#160;pour&#160;le&#160;ski&#160;de&#160;fond&#160;récréatif.&#160;Elles&#160;favorisent&#160;avant&#160;tout&#160;le&#160;confort&#160;et&#160;la&#160;chaleur,&#160;tout&#160;en&#160;assurant&#160;une&#160;bonne&#160;liberté&#160;de&#160;mouvement,&#160;une&#160;grande&#160;stabilité,&#160;ainsi&#160;qu'un&#160;bon&#160;contrôle.&#160;Le&#160;design&#160;à&#160;flexion&#160;libre&#160;procure&#160;un&#160;maximum&#160;d'énergie&#160;à&#160;chaque&#160;poussée&#160;pour&#160;une&#160;puissance&#160;optimale&#160;en&#160;ski&#160;classique.</Description><Photo>1100025.jpg</Photo><PrixDemande>129.00</PrixDemande><NombreItems>3</NombreItems><Disponibilit_>1</Disponibilit_><DateVente>3/12/2019&#160;23:59</DateVente><PrixVente>129.00</PrixVente><Poids>2.4</Poids><DateCreation>1/12/2019&#160;13:53</DateCreation><DateMAJ>NULL</DateMAJ></PPProduits>
<PPProduits><NoProduit>1100026</NoProduit><NoVendeur>11</NoVendeur><NoCategorie>506</NoCategorie><Nom>Bottes&#160;de&#160;randonnée&#160;Quest&#160;4D&#160;3&#160;GTX&#160;de&#160;Salomon</Nom><Description>Affrontez&#160;les&#160;sentiers&#160;complexes&#160;en&#160;tout&#160;confort.&#160;Le&#160;design&#160;progressif&#160;emprunte&#160;des&#160;caractéristiques&#160;des&#160;chaussures&#160;de&#160;course&#160;sur&#160;sentier&#160;de&#160;Salomon&#160;pour&#160;créer&#160;des&#160;bottes&#160;robustes&#160;prêtes&#160;pour&#160;les&#160;randonnées&#160;éprouvantes&#160;d’une&#160;journée&#160;ou&#160;de&#160;plusieurs&#160;jours,&#160;sur&#160;des&#160;sentiers&#160;pentus,&#160;rocailleux&#160;ou&#160;pratiquement&#160;absents.</Description><Photo>1100026.jpg</Photo><PrixDemande>279.95</PrixDemande><NombreItems>3</NombreItems><Disponibilit_>1</Disponibilit_><DateVente>3/12/2019&#160;23:59</DateVente><PrixVente>279.95</PrixVente><Poids>2.8</Poids><DateCreation>1/12/2019&#160;14:00</DateCreation><DateMAJ>NULL</DateMAJ></PPProduits>
<PPProduits><NoProduit>1100027</NoProduit><NoVendeur>11</NoVendeur><NoCategorie>506</NoCategorie><Nom>Guêtres&#160;en&#160;nylon&#160;de&#160;MEC</Nom><Description>Protégez&#160;le&#160;bas&#160;de&#160;vos&#160;jambes.&#160;La&#160;prochaine&#160;fois&#160;que&#160;vous&#160;partez&#160;en&#160;randonnée&#160;ou&#160;en&#160;alpinisme,&#160;utilisez&#160;ces&#160;guêtres&#160;hydrorésistantes&#160;et&#160;marchez&#160;confortablement&#160;dans&#160;les&#160;broussailles,&#160;la&#160;boue&#160;ou&#160;le&#160;sable.&#160;La&#160;fermeture&#160;à&#160;bande&#160;autoagrippante&#160;demeure&#160;bien&#160;en&#160;place&#160;même&#160;lorsqu'elle&#160;est&#160;couverte&#160;de&#160;boue&#160;(contrairement&#160;à&#160;une&#160;fermeture&#160;à&#160;glissière).</Description><Photo>1100027.jpg</Photo><PrixDemande>29.00</PrixDemande><NombreItems>3</NombreItems><Disponibilit_>1</Disponibilit_><DateVente>3/12/2019&#160;23:59</DateVente><PrixVente>29.00</PrixVente><Poids>0.8</Poids><DateCreation>1/12/2019&#160;14:11</DateCreation><DateMAJ>NULL</DateMAJ></PPProduits>
<PPProduits><NoProduit>1100028</NoProduit><NoVendeur>11</NoVendeur><NoCategorie>507</NoCategorie><Nom>Djembé</Nom><Description>Djembé,&#160;un&#160;an&#160;d'usure.&#160;A&#160;très&#160;peu&#160;servi.&#160;Construction&#160;solide.&#160;Finition&#160;bois&#160;clair.&#160;payé&#160;500.00$.</Description><Photo>1100028.jpg</Photo><PrixDemande>150.00</PrixDemande><NombreItems>1</NombreItems><Disponibilit_>1</Disponibilit_><DateVente>3/13/2019&#160;23:59</DateVente><PrixVente>150.00</PrixVente><Poids>35.0</Poids><DateCreation>1/13/2019&#160;14:01</DateCreation><DateMAJ>NULL</DateMAJ></PPProduits>
<PPProduits><NoProduit>1100029</NoProduit><NoVendeur>11</NoVendeur><NoCategorie>507</NoCategorie><Nom>Guitare&#160;acoustique</Nom><Description>Guitare&#160;acoustique&#160;avec&#160;étui.&#160;Utilisé&#160;très&#160;peu.&#160;Comme&#160;neuve.</Description><Photo>1100029.jpg</Photo><PrixDemande>125.00</PrixDemande><NombreItems>1</NombreItems><Disponibilit_>1</Disponibilit_><DateVente>3/13/2019&#160;23:59</DateVente><PrixVente>125.00</PrixVente><Poids>22.0</Poids><DateCreation>1/13/2019&#160;14:19</DateCreation><DateMAJ>NULL</DateMAJ></PPProduits>
<PPProduits><NoProduit>1100030</NoProduit><NoVendeur>11</NoVendeur><NoCategorie>507</NoCategorie><Nom>Piano</Nom><Description>Piano&#160;d'appartement.&#160;En&#160;cerisier.&#160;Vieux&#160;de&#160;plus&#160;de&#160;40&#160;ans.&#160;Encore&#160;en&#160;très&#160;bon&#160;état.&#160;Besoin&#160;d'être&#160;accordé.</Description><Photo>1100030.jpg</Photo><PrixDemande>600.00</PrixDemande><NombreItems>0</NombreItems><Disponibilit_>0</Disponibilit_><DateVente>3/13/2019&#160;23:59</DateVente><PrixVente>600.00</PrixVente><Poids>450.0</Poids><DateCreation>1/13/2019&#160;14:37</DateCreation><DateMAJ>NULL</DateMAJ></PPProduits>
<PPProduits><NoProduit>1100031</NoProduit><NoVendeur>11</NoVendeur><NoCategorie>508</NoCategorie><Nom>Peinture&#160;sur&#160;toile</Nom><Description>Jackson&#160;Pollock&#160;inspiré&#160;72&quot;&#160;goutte&#160;à&#160;goutte&#160;originale&#160;Art&#160;oeuvre&#160;abstraite&#160;grand&#160;mur&#160;peinture&#160;d’art&#160;sur&#160;toile&#160;arbre</Description><Photo>1100031.jpg</Photo><PrixDemande>744.61</PrixDemande><NombreItems>2</NombreItems><Disponibilit_>1</Disponibilit_><DateVente>3/14/2019&#160;23:59</DateVente><PrixVente>744.61</PrixVente><Poids>24.5</Poids><DateCreation>1/14/2019&#160;9:04</DateCreation><DateMAJ>NULL</DateMAJ></PPProduits>
<PPProduits><NoProduit>1100032</NoProduit><NoVendeur>11</NoVendeur><NoCategorie>508</NoCategorie><Nom>Sculpture&#160;en&#160;bois</Nom><Description>Sculpture&#160;en&#160;bois&#160;de&#160;l’Inukshuk.&#160;Création&#160;de&#160;Sculpteur&#160;Flamand&#160;Inc.&#160;Article&#160;fait&#160;à&#160;la&#160;main.</Description><Photo>1100032.jpg</Photo><PrixDemande>56.35</PrixDemande><NombreItems>2</NombreItems><Disponibilit_>1</Disponibilit_><DateVente>3/14/2019&#160;23:59</DateVente><PrixVente>56.35</PrixVente><Poids>2.8</Poids><DateCreation>1/14/2019&#160;9:09</DateCreation><DateMAJ>NULL</DateMAJ></PPProduits>
<PPProduits><NoProduit>1200001</NoProduit><NoVendeur>12</NoVendeur><NoCategorie>502</NoCategorie><Nom>Canapé&#160;EKTORP&#160;</Nom><Description>Sièges&#160;garnis&#160;mousse&#160;haute&#160;résilience&#160;et&#160;rembourré&#160;fibres&#160;de&#160;polyester&#160;qui&#160;procurent&#160;un&#160;bon&#160;support&#160;et&#160;retrouvent&#160;leur&#160;forme&#160;après&#160;utilisation.
Coussins&#160;du&#160;dossier&#160;double&#160;face&#160;garnis&#160;fibres&#160;de&#160;polyester,&#160;offrent&#160;un&#160;confort&#160;moelleux&#160;pour&#160;le&#160;dos.
Entretien&#160;facile.&#160;Housse&#160;lavable&#160;en&#160;machine.
Une&#160;gamme&#160;de&#160;housses&#160;coordonnées&#160;vous&#160;permet&#160;de&#160;donner&#160;facilement&#160;un&#160;nouveau&#160;look&#160;à&#160;votre&#160;meuble.
Garantie&#160;10&#160;ans.&#160;Renseignements&#160;complets&#160;dans&#160;notre&#160;livret&#160;de&#160;garantie.</Description><Photo>1200001.JPG</Photo><PrixDemande>499.00</PrixDemande><NombreItems>1</NombreItems><Disponibilit_>1</Disponibilit_><DateVente>3/15/2019&#160;23:59</DateVente><PrixVente>499.00</PrixVente><Poids>171.0</Poids><DateCreation>1/15/2019&#160;9:05</DateCreation><DateMAJ>NULL</DateMAJ></PPProduits>
<PPProduits><NoProduit>1200002</NoProduit><NoVendeur>12</NoVendeur><NoCategorie>502</NoCategorie><Nom>Table&#160;basse&#160;LACK</Nom><Description>Tablette&#160;pratique&#160;pour&#160;ranger&#160;magazines&#160;ou&#160;autres,&#160;permet&#160;de&#160;faire&#160;place&#160;nette&#160;sur&#160;la&#160;table.</Description><Photo>1200002.JPG</Photo><PrixDemande>24.99</PrixDemande><NombreItems>1</NombreItems><Disponibilit_>1</Disponibilit_><DateVente>3/15/2019&#160;23:59</DateVente><PrixVente>24.99</PrixVente><Poids>22.0</Poids><DateCreation>1/15/2019&#160;9:15</DateCreation><DateMAJ>NULL</DateMAJ></PPProduits>
<PPProduits><NoProduit>1200003</NoProduit><NoVendeur>12</NoVendeur><NoCategorie>502</NoCategorie><Nom>Étagère&#160;KALLAX</Nom><Description>Se&#160;place&#160;à&#160;la&#160;verticale&#160;ou&#160;à&#160;l'horizontale&#160;et&#160;fait&#160;office&#160;de&#160;bibliothèque&#160;ou&#160;de&#160;buffet.</Description><Photo>1200003.JPG</Photo><PrixDemande>89.99</PrixDemande><NombreItems>2</NombreItems><Disponibilit_>1</Disponibilit_><DateVente>3/15/2019&#160;23:59</DateVente><PrixVente>89.99</PrixVente><Poids>41.0</Poids><DateCreation>1/15/2019&#160;9:21</DateCreation><DateMAJ>NULL</DateMAJ></PPProduits>
<PPProduits><NoProduit>1200004</NoProduit><NoVendeur>12</NoVendeur><NoCategorie>502</NoCategorie><Nom>Bibliothèque&#160;BILLY</Nom><Description>Tablettes&#160;à&#160;hauteur&#160;réglable,&#160;à&#160;adapter&#160;selon&#160;vos&#160;besoins.
Un&#160;seul&#160;élément&#160;peut&#160;servir&#160;de&#160;rangement&#160;dans&#160;un&#160;espace&#160;restreint&#160;ou&#160;servir&#160;de&#160;base&#160;à&#160;un&#160;rangement&#160;de&#160;plus&#160;grandes&#160;dimensions&#160;lorsque&#160;les&#160;besoins&#160;évoluent.
Placage&#160;en&#160;bois&#160;d'aspect&#160;naturel.</Description><Photo>1200004.JPG</Photo><PrixDemande>85.00</PrixDemande><NombreItems>2</NombreItems><Disponibilit_>1</Disponibilit_><DateVente>3/15/2019&#160;23:59</DateVente><PrixVente>85.00</PrixVente><Poids>80.0</Poids><DateCreation>1/15/2019&#160;9:36</DateCreation><DateMAJ>NULL</DateMAJ></PPProduits>
<PPProduits><NoProduit>1200005</NoProduit><NoVendeur>12</NoVendeur><NoCategorie>502</NoCategorie><Nom>Meuble&#160;télé&#160;BRIMNES</Nom><Description>Ce&#160;meuble&#160;télé&#160;dispose&#160;de&#160;grands&#160;tiroirs&#160;permettant&#160;de&#160;ranger&#160;télécommandes,&#160;manettes&#160;de&#160;jeu&#160;et&#160;autres&#160;accessoires&#160;multimédias.
Passe-câbles&#160;pour&#160;regrouper&#160;les&#160;câbles&#160;à&#160;l'arrière&#160;;&#160;ils&#160;sont&#160;hors&#160;de&#160;vue&#160;tout&#160;en&#160;étant&#160;à&#160;portée&#160;de&#160;main.</Description><Photo>1200005.JPG</Photo><PrixDemande>179.00</PrixDemande><NombreItems>1</NombreItems><Disponibilit_>1</Disponibilit_><DateVente>3/15/2019&#160;23:59</DateVente><PrixVente>179.00</PrixVente><Poids>111.0</Poids><DateCreation>1/15/2019&#160;9:53</DateCreation><DateMAJ>NULL</DateMAJ></PPProduits>
<PPProduits><NoProduit>1200006</NoProduit><NoVendeur>12</NoVendeur><NoCategorie>502</NoCategorie><Nom>Structure&#160;de&#160;lit&#160;haut&#160;MALM</Nom><Description>Les&#160;côtés&#160;de&#160;lit&#160;sont&#160;réglables.&#160;On&#160;peut&#160;donc&#160;utiliser&#160;des&#160;matelas&#160;de&#160;différentes&#160;épaisseurs.
Les&#160;16&#160;lattes&#160;en&#160;bois&#160;multiplis&#160;s'adaptent&#160;au&#160;poids&#160;du&#160;corps&#160;et&#160;augmentent&#160;la&#160;souplesse&#160;du&#160;matelas.</Description><Photo>1200006.JPG</Photo><PrixDemande>184.00</PrixDemande><NombreItems>2</NombreItems><Disponibilit_>1</Disponibilit_><DateVente>3/15/2019&#160;23:59</DateVente><PrixVente>184.00</PrixVente><Poids>86.0</Poids><DateCreation>1/15/2019&#160;10:01</DateCreation><DateMAJ>NULL</DateMAJ></PPProduits>
<PPProduits><NoProduit>1200007</NoProduit><NoVendeur>12</NoVendeur><NoCategorie>502</NoCategorie><Nom>Commode&#160;à&#160;6&#160;tiroirs&#160;MALM</Nom><Description>Avec&#160;son&#160;style&#160;épuré,&#160;ses&#160;tiroirs&#160;à&#160;fermeture&#160;silencieuse&#160;et&#160;son&#160;choix&#160;de&#160;finitions,&#160;cette&#160;commode&#160;trouvera&#160;sa&#160;place&#160;dans&#160;toutes&#160;les&#160;pièces&#160;!&#160;Attention,&#160;ce&#160;meuble&#160;doit&#160;être&#160;fixé&#160;au&#160;mur.</Description><Photo>1200007.JPG</Photo><PrixDemande>199.00</PrixDemande><NombreItems>1</NombreItems><Disponibilit_>1</Disponibilit_><DateVente>3/15/2019&#160;23:59</DateVente><PrixVente>199.00</PrixVente><Poids>163.0</Poids><DateCreation>1/15/2019&#160;10:06</DateCreation><DateMAJ>NULL</DateMAJ></PPProduits>
<PPProduits><NoProduit>1200008</NoProduit><NoVendeur>12</NoVendeur><NoCategorie>502</NoCategorie><Nom>Coiffeuse&#160;avec&#160;miroir&#160;HEMNES</Nom><Description>Coiffeuse&#160;ou&#160;bureau&#160;?&#160;Pas&#160;besoin&#160;de&#160;décider,&#160;il&#160;y&#160;a&#160;assez&#160;de&#160;place&#160;pour&#160;du&#160;maquillage,&#160;des&#160;stylos&#160;et&#160;un&#160;ordinateur&#160;portable.&#160;Avec&#160;ses&#160;formes&#160;arrondies&#160;qui&#160;lui&#160;donnent&#160;une&#160;allure&#160;romantique,&#160;ce&#160;meuble&#160;deviendra&#160;le&#160;point&#160;central&#160;de&#160;la&#160;pièce.</Description><Photo>1200008.JPG</Photo><PrixDemande>249.00</PrixDemande><NombreItems>2</NombreItems><Disponibilit_>1</Disponibilit_><DateVente>3/15/2019&#160;23:59</DateVente><PrixVente>249.00</PrixVente><Poids>71.0</Poids><DateCreation>1/15/2019&#160;10:17</DateCreation><DateMAJ>NULL</DateMAJ></PPProduits>
<PPProduits><NoProduit>1200009</NoProduit><NoVendeur>12</NoVendeur><NoCategorie>502</NoCategorie><Nom>Armoire-penderie&#160;à&#160;2&#160;portes&#160;HEMMES</Nom><Description>La&#160;maison&#160;doit&#160;être&#160;un&#160;lieu&#160;sûr&#160;pour&#160;toute&#160;la&#160;famille.&#160;C'est&#160;pourquoi&#160;nous&#160;avons&#160;inclus&#160;des&#160;attaches&#160;de&#160;sécurité&#160;pour&#160;que&#160;vous&#160;puissiez&#160;fixer&#160;l'armoire&#160;au&#160;mur.
Recôit&#160;aussi&#160;bien&#160;les&#160;vêtements&#160;à&#160;suspendre&#160;que&#160;les&#160;vêtements&#160;pliés.</Description><Photo>1200009.JPG</Photo><PrixDemande>149.00</PrixDemande><NombreItems>1</NombreItems><Disponibilit_>1</Disponibilit_><DateVente>3/15/2019&#160;23:59</DateVente><PrixVente>149.00</PrixVente><Poids>141.0</Poids><DateCreation>1/15/2019&#160;10:30</DateCreation><DateMAJ>NULL</DateMAJ></PPProduits>
<PPProduits><NoProduit>1200010</NoProduit><NoVendeur>12</NoVendeur><NoCategorie>502</NoCategorie><Nom>Table&#160;à&#160;rallonge&#160;BJURSTA</Nom><Description>Vous&#160;n’êtes&#160;jamais&#160;à&#160;court&#160;de&#160;place&#160;grâce&#160;à&#160;cette&#160;table&#160;extensible.&#160;Le&#160;crochet&#160;de&#160;fixation&#160;caché&#160;permet&#160;de&#160;bien&#160;fixer&#160;les&#160;rallonges&#160;entre&#160;elles.&#160;La&#160;surface&#160;facile&#160;à&#160;nettoyer&#160;vous&#160;permet&#160;d’affronter&#160;sereinement&#160;l’heure&#160;du&#160;repas.</Description><Photo>1200010.JPG</Photo><PrixDemande>259.00</PrixDemande><NombreItems>1</NombreItems><Disponibilit_>1</Disponibilit_><DateVente>3/15/2019&#160;23:59</DateVente><PrixVente>259.00</PrixVente><Poids>94.0</Poids><DateCreation>1/15/2019&#160;10:43</DateCreation><DateMAJ>NULL</DateMAJ></PPProduits>
<PPProduits><NoProduit>1200011</NoProduit><NoVendeur>12</NoVendeur><NoCategorie>502</NoCategorie><Nom>Chaise&#160;STEFAN</Nom><Description>Le&#160;bois&#160;massif&#160;est&#160;un&#160;matériau&#160;naturel&#160;très&#160;résistant.</Description><Photo>1200011.JPG</Photo><PrixDemande>26.00</PrixDemande><NombreItems>4</NombreItems><Disponibilit_>1</Disponibilit_><DateVente>3/15/2019&#160;23:59</DateVente><PrixVente>26.00</PrixVente><Poids>9.0</Poids><DateCreation>1/15/2019&#160;11:03</DateCreation><DateMAJ>NULL</DateMAJ></PPProduits>
<PPProduits><NoProduit>1200012</NoProduit><NoVendeur>12</NoVendeur><NoCategorie>502</NoCategorie><Nom>Armoire&#160;à&#160;pharmacie&#160;2&#160;portes&#160;miroir&#160;LILLÅNGEN</Nom><Description>Miroir&#160;doublé&#160;d'une&#160;pellicule&#160;de&#160;protection&#160;antiéclats&#160;au&#160;dos,&#160;ce&#160;qui&#160;réduit&#160;les&#160;risques&#160;de&#160;blessure&#160;si&#160;le&#160;miroir&#160;est&#160;cassé.</Description><Photo>1200012.JPG</Photo><PrixDemande>99.00</PrixDemande><NombreItems>2</NombreItems><Disponibilit_>0</Disponibilit_><DateVente>3/15/2019&#160;23:59</DateVente><PrixVente>99.00</PrixVente><Poids>37.0</Poids><DateCreation>1/15/2019&#160;11:17</DateCreation><DateMAJ>NULL</DateMAJ></PPProduits>
<PPProduits><NoProduit>1200013</NoProduit><NoVendeur>12</NoVendeur><NoCategorie>505</NoCategorie><Nom>Ampoule&#160;à&#160;DEL&#160;E26&#160;400&#160;lumen&#160;RYET</Nom><Description>La&#160;qualité&#160;n'est&#160;pas&#160;toujours&#160;synonyme&#160;de&#160;prix&#160;élevé.&#160;Pour&#160;l'ampoule&#160;à&#160;DEL&#160;RYET,&#160;nous&#160;avons&#160;choisi&#160;des&#160;composants&#160;de&#160;grande&#160;qualité&#160;afin&#160;d'éliminer&#160;d'autres&#160;éléments&#160;et&#160;de&#160;faire&#160;baisser&#160;le&#160;prix&#160;du&#160;produit&#160;final.</Description><Photo>1200013.JPG</Photo><PrixDemande>1.29</PrixDemande><NombreItems>6</NombreItems><Disponibilit_>1</Disponibilit_><DateVente>3/15/2019&#160;23:59</DateVente><PrixVente>1.29</PrixVente><Poids>0.1</Poids><DateCreation>1/15/2019&#160;11:23</DateCreation><DateMAJ>NULL</DateMAJ></PPProduits>
<PPProduits><NoProduit>1400001</NoProduit><NoVendeur>14</NoVendeur><NoCategorie>501</NoCategorie><Nom>Petite&#160;théière&#160;japonaise</Nom><Description>Il&#160;fait&#160;froid!&#160;Réchauffez-vous&#160;avec&#160;un&#160;thé!&#160;Toute&#160;petite&#160;théière&#160;en&#160;fonte.&#160;Bleue&#160;et&#160;noire.&#160;Contient&#160;10&#160;oz,&#160;1&#160;1/4&#160;tasse.&#160;Neuve,&#160;servait&#160;d'objet&#160;décoratif&#160;Départ&#160;en&#160;résidence</Description><Photo>1400001.JPG</Photo><PrixDemande>20.00</PrixDemande><NombreItems>0</NombreItems><Disponibilit_>0</Disponibilit_><DateVente>3/16/2019&#160;23:59</DateVente><PrixVente>20.00</PrixVente><Poids>3.0</Poids><DateCreation>1/16/2019&#160;9:01</DateCreation><DateMAJ>NULL</DateMAJ></PPProduits>
<PPProduits><NoProduit>1400002</NoProduit><NoVendeur>14</NoVendeur><NoCategorie>501</NoCategorie><Nom>Verre&#160;taillé</Nom><Description>Verre&#160;taillé&#160;comprenant&#160;ensemble&#160;de&#160;parfumeuse&#160;en&#160;parfaite&#160;condition.</Description><Photo>1400002.JPG</Photo><PrixDemande>20.00</PrixDemande><NombreItems>1</NombreItems><Disponibilit_>1</Disponibilit_><DateVente>3/16/2019&#160;23:59</DateVente><PrixVente>20.00</PrixVente><Poids>0.5</Poids><DateCreation>1/16/2019&#160;9:18</DateCreation><DateMAJ>NULL</DateMAJ></PPProduits>
<PPProduits><NoProduit>1400003</NoProduit><NoVendeur>14</NoVendeur><NoCategorie>502</NoCategorie><Nom>Buffet&#160;en&#160;bois&#160;brun&#160;chocolat</Nom><Description>Buffet&#160;en&#160;bois&#160;brun&#160;chocolat.&#160;En&#160;excellent&#160;état.
Dimension:&#160;largeur:&#160;56&#160;pouces&#160;Hauteur&#160;32&#160;po.&#160;Profondeur&#160;18&#160;1/2&#160;po
Valeur&#160;de&#160;2000.$</Description><Photo>1400003.JPG</Photo><PrixDemande>500.00</PrixDemande><NombreItems>1</NombreItems><Disponibilit_>1</Disponibilit_><DateVente>3/16/2019&#160;23:59</DateVente><PrixVente>500.00</PrixVente><Poids>169.8</Poids><DateCreation>1/16/2019&#160;9:26</DateCreation><DateMAJ>NULL</DateMAJ></PPProduits>
<PPProduits><NoProduit>1400004</NoProduit><NoVendeur>14</NoVendeur><NoCategorie>504</NoCategorie><Nom>Habit&#160;de&#160;neige&#160;North&#160;Face&#160;bébé&#160;0-3&#160;mois</Nom><Description>habit&#160;de&#160;neige&#160;pour&#160;bébé&#160;North&#160;Face&#160;0-3&#160;mois&#160;Porté&#160;quelques&#160;fois&#160;Raison&#160;de&#160;la&#160;vente:&#160;trop&#160;petit&#160;environnement&#160;non&#160;fumeur&#160;Avec&#160;Tuque&#160;perlimpinpin</Description><Photo>1400004.JPG</Photo><PrixDemande>70.00</PrixDemande><NombreItems>1</NombreItems><Disponibilit_>1</Disponibilit_><DateVente>3/17/2019&#160;23:59</DateVente><PrixVente>70.00</PrixVente><Poids>13.0</Poids><DateCreation>1/17/2019&#160;9:02</DateCreation><DateMAJ>NULL</DateMAJ></PPProduits>
<PPProduits><NoProduit>1400005</NoProduit><NoVendeur>14</NoVendeur><NoCategorie>504</NoCategorie><Nom>Barrière&#160;de&#160;sécurité&#160;pour&#160;bébé</Nom><Description>Barrière&#160;de&#160;sécurité&#160;double&#160;pour&#160;bébé,&#160;en&#160;bois,&#160;s'installe&#160;sur&#160;tous&#160;types&#160;d'ouvertures.&#160;Idéale&#160;pour&#160;escalier.&#160;Vendue&#160;avec&#160;manuel&#160;d'installation.</Description><Photo>1400005.JPG</Photo><PrixDemande>60.00</PrixDemande><NombreItems>1</NombreItems><Disponibilit_>1</Disponibilit_><DateVente>3/17/2019&#160;23:59</DateVente><PrixVente>60.00</PrixVente><Poids>7.5</Poids><DateCreation>1/17/2019&#160;9:08</DateCreation><DateMAJ>NULL</DateMAJ></PPProduits>
<PPProduits><NoProduit>1400006</NoProduit><NoVendeur>14</NoVendeur><NoCategorie>504</NoCategorie><Nom>Poussette&#160;Graco</Nom><Description>Poussette&#160;Graco&#160;avec&#160;plateau&#160;avant&#160;amovible&#160;Dessus&#160;baldaquin&#160;dont&#160;le&#160;siège&#160;et&#160;repose&#160;pied&#160;s'abaisse&#160;3&#160;positons&#160;Roulettes&#160;pivotantes&#160;avec&#160;freins.</Description><Photo>1400006.JPG</Photo><PrixDemande>150.00</PrixDemande><NombreItems>1</NombreItems><Disponibilit_>1</Disponibilit_><DateVente>3/17/2019&#160;23:59</DateVente><PrixVente>150.00</PrixVente><Poids>37.5</Poids><DateCreation>1/17/2019&#160;9:26</DateCreation><DateMAJ>NULL</DateMAJ></PPProduits>
<PPProduits><NoProduit>1400007</NoProduit><NoVendeur>14</NoVendeur><NoCategorie>504</NoCategorie><Nom>Chaise&#160;haute&#160;Graco</Nom><Description>Chaise&#160;haute&#160;Graco.&#160;Propre.&#160;Rien&#160;de&#160;brisé.&#160;Sécuritaire.&#160;J'ai&#160;ajouté&#160;de&#160;la&#160;coquille&#160;d'oeuf&#160;(c'est&#160;une&#160;petite&#160;mousse)&#160;pour&#160;le&#160;confort&#160;de&#160;bébé&#160;et&#160;la&#160;prévention&#160;de&#160;la&#160;plagiocéphalie.&#160;Vous&#160;pouvez&#160;enlever&#160;cette&#160;mousse&#160;pour&#160;revenir&#160;à&#160;la&#160;chaise&#160;d'origine.</Description><Photo>1400007.JPG</Photo><PrixDemande>35.00</PrixDemande><NombreItems>0</NombreItems><Disponibilit_>1</Disponibilit_><DateVente>3/17/2019&#160;23:59</DateVente><PrixVente>35.00</PrixVente><Poids>35.0</Poids><DateCreation>1/17/2019&#160;9:34</DateCreation><DateMAJ>NULL</DateMAJ></PPProduits>
<PPProduits><NoProduit>1400008</NoProduit><NoVendeur>14</NoVendeur><NoCategorie>505</NoCategorie><Nom>Cles&#160;Craftman</Nom><Description>set&#160;de&#160;cles&#160;Craftman&#160;8&#160;cles</Description><Photo>1400008.JPG</Photo><PrixDemande>10.00</PrixDemande><NombreItems>1</NombreItems><Disponibilit_>1</Disponibilit_><DateVente>3/18/2019&#160;23:59</DateVente><PrixVente>10.00</PrixVente><Poids>2.5</Poids><DateCreation>1/18/2019&#160;9:03</DateCreation><DateMAJ>NULL</DateMAJ></PPProduits>
<PPProduits><NoProduit>1400009</NoProduit><NoVendeur>14</NoVendeur><NoCategorie>505</NoCategorie><Nom>scie&#160;onglet&#160;12&quot;</Nom><Description>scie&#160;a&#160;onglet&#160;12&quot;&#160;mastercraft&#160;maximum&#160;avec&#160;lazer</Description><Photo>1400009.JPG</Photo><PrixDemande>100.00</PrixDemande><NombreItems>1</NombreItems><Disponibilit_>1</Disponibilit_><DateVente>3/18/2019&#160;23:59</DateVente><PrixVente>100.00</PrixVente><Poids>56.0</Poids><DateCreation>1/18/2019&#160;9:12</DateCreation><DateMAJ>NULL</DateMAJ></PPProduits>
<PPProduits><NoProduit>1400010</NoProduit><NoVendeur>14</NoVendeur><NoCategorie>506</NoCategorie><Nom>Skis&#160;ELAN&#160;144&#160;cm</Nom><Description>A&#160;vendre&#160;ensemble&#160;de&#160;ski&#160;alpin:&#160;Ski&#160;ELAN&#160;144&#160;cm&#160;avec&#160;bottes&#160;pointure&#160;26,&#160;plus&#160;bâtons.</Description><Photo>1400010.JPG</Photo><PrixDemande>110.00</PrixDemande><NombreItems>1</NombreItems><Disponibilit_>1</Disponibilit_><DateVente>3/18/2019&#160;23:59</DateVente><PrixVente>110.00</PrixVente><Poids>7.0</Poids><DateCreation>1/18/2019&#160;9:31</DateCreation><DateMAJ>NULL</DateMAJ></PPProduits>
<PPProduits><NoProduit>1400011</NoProduit><NoVendeur>14</NoVendeur><NoCategorie>506</NoCategorie><Nom>Patin&#160;grandeur&#160;2</Nom><Description>Patin&#160;hockey&#160;gr&#160;2&#160;CCM&#160;SL-100&#160;220mm</Description><Photo>1400011.JPG</Photo><PrixDemande>20.00</PrixDemande><NombreItems>1</NombreItems><Disponibilit_>1</Disponibilit_><DateVente>3/18/2019&#160;23:59</DateVente><PrixVente>20.00</PrixVente><Poids>4.5</Poids><DateCreation>1/18/2019&#160;9:47</DateCreation><DateMAJ>NULL</DateMAJ></PPProduits>
<PPProduits><NoProduit>1400012</NoProduit><NoVendeur>14</NoVendeur><NoCategorie>506</NoCategorie><Nom>Bâton&#160;Bauer&#160;Junior&#160;Nexus&#160;1N</Nom><Description>Bâton&#160;Bauer&#160;Junior&#160;Nexus&#160;1N&#160;-&#160;Kane&#160;P88&#160;Flex&#160;47&#160;Lie&#160;5&#160;Bâton&#160;haut&#160;de&#160;gamme.&#160;Pour&#160;joueur&#160;de&#160;catégorie&#160;Atome&#160;et&#160;Peewee.&#160;Excellent&#160;état.&#160;Peu&#160;utilisé&#160;(mon&#160;garçon&#160;a&#160;grandi&#160;rapidement&#160;).&#160;A&#160;été&#160;coupé&#160;légèrement&#160;(longueur&#160;48&#160;po&#160;du&#160;talon&#160;)</Description><Photo>1400012.JPG</Photo><PrixDemande>25.00</PrixDemande><NombreItems>1</NombreItems><Disponibilit_>1</Disponibilit_><DateVente>3/18/2019&#160;23:59</DateVente><PrixVente>25.00</PrixVente><Poids>1.0</Poids><DateCreation>1/18/2019&#160;10:08</DateCreation><DateMAJ>NULL</DateMAJ></PPProduits>
<PPProduits><NoProduit>1400013</NoProduit><NoVendeur>14</NoVendeur><NoCategorie>506</NoCategorie><Nom>Épaulière&#160;de&#160;hockey</Nom><Description>Épaulière&#160;de&#160;hockey&#160;senior,&#160;de&#160;la&#160;marque&#160;Reebok,&#160;modèle&#160;KFS&#160;7K.&#160;Pour&#160;les&#160;personnes&#160;de&#160;grandeur&#160;170&#160;cm&#160;à&#160;180&#160;cm&#160;(5'7&#160;pied&#160;à&#160;5'10&#160;pied)&#160;et&#160;ayant&#160;un&#160;tour&#160;de&#160;torse&#160;entre&#160;94&#160;cm&#160;à&#160;102&#160;cm&#160;(37&#160;pouces&#160;à&#160;40&#160;pouces).&#160;En&#160;parfait&#160;condition.</Description><Photo>1400013.JPG</Photo><PrixDemande>24.00</PrixDemande><NombreItems>1</NombreItems><Disponibilit_>1</Disponibilit_><DateVente>3/18/2019&#160;23:59</DateVente><PrixVente>24.00</PrixVente><Poids>1.0</Poids><DateCreation>1/18/2019&#160;10:18</DateCreation><DateMAJ>NULL</DateMAJ></PPProduits>
<PPProduits><NoProduit>1400014</NoProduit><NoVendeur>14</NoVendeur><NoCategorie>508</NoCategorie><Nom>Bague</Nom><Description>Bague&#160;victorienne&#160;de&#160;type&#160;camée&#160;noire.&#160;Vintage.&#160;Ajustable.&#160;Matériau:&#160;Laiton&#160;et&#160;plastique.&#160;Couleur&#160;de&#160;l'anneau:&#160;bronze.</Description><Photo>1400014.jpg</Photo><PrixDemande>21.70</PrixDemande><NombreItems>3</NombreItems><Disponibilit_>1</Disponibilit_><DateVente>3/19/2019&#160;23:59</DateVente><PrixVente>21.70</PrixVente><Poids>0.2</Poids><DateCreation>1/19/2019&#160;10:00</DateCreation><DateMAJ>NULL</DateMAJ></PPProduits>
<PPProduits><NoProduit>1400015</NoProduit><NoVendeur>14</NoVendeur><NoCategorie>508</NoCategorie><Nom>Collier</Nom><Description>Collier&#160;personnalisé&#160;pierre&#160;de&#160;naissance&#160;minimaliste&#160;avec&#160;pendentif.&#160;Matériau:&#160;Argent,&#160;Or,&#160;Or&#160;rose.&#160;Fermeture:&#160;Anneau&#160;à&#160;ressort.&#160;Fait&#160;de&#160;matériau&#160;recyclé.&#160;Longueur&#160;réglable.</Description><Photo>1400015.jpg</Photo><PrixDemande>47.47</PrixDemande><NombreItems>3</NombreItems><Disponibilit_>1</Disponibilit_><DateVente>3/19/2019&#160;23:59</DateVente><PrixVente>47.47</PrixVente><Poids>0.4</Poids><DateCreation>1/19/2019&#160;10:11</DateCreation><DateMAJ>NULL</DateMAJ></PPProduits>
<PPProduits><NoProduit>1400016</NoProduit><NoVendeur>14</NoVendeur><NoCategorie>508</NoCategorie><Nom>Boucles&#160;d'oreilles</Nom><Description>Boubles&#160;d'oreilles&#160;asymétrique&#160;Mardi&#160;Gras.&#160;Bijoux&#160;de&#160;la&#160;Nouvelle-Orléans&#160;de&#160;type&#160;Voodoo.&#160;Longueur&#160;du&#160;pendant&#160;:&#160;1.6&#160;pouces.&#160;Matériau&#160;:&#160;argent,&#160;laiton,&#160;verre.&#160;Fermeture&#160;:&#160;crochet&#160;d'oreille</Description><Photo>1400016.jpg</Photo><PrixDemande>25.76</PrixDemande><NombreItems>2</NombreItems><Disponibilit_>1</Disponibilit_><DateVente>3/19/2019&#160;23:59</DateVente><PrixVente>25.76</PrixVente><Poids>0.2</Poids><DateCreation>1/19/2019&#160;10:24</DateCreation><DateMAJ>NULL</DateMAJ></PPProduits>
<PPProduits><NoProduit>1400017</NoProduit><NoVendeur>14</NoVendeur><NoCategorie>508</NoCategorie><Nom>Bracelet</Nom><Description>Bracelet&#160;couronne&#160;roi&#160;lion&#160;fait&#160;de&#160;perle&#160;en&#160;bois&#160;du&#160;Pérou.&#160;Bijoux&#160;pour&#160;Homme&#160;avec&#160;médaillon&#160;de&#160;tête&#160;de&#160;lion&#160;en&#160;cuivre.&#160;Article&#160;fait&#160;à&#160;la&#160;main.&#160;Largeur&#160;du&#160;bracelet&#160;:&#160;8&#160;mm.&#160;Matériau&#160;:&#160;acier,&#160;bois,&#160;cuivre,&#160;laiton.</Description><Photo>1400017.jpg</Photo><PrixDemande>16.00</PrixDemande><NombreItems>2</NombreItems><Disponibilit_>1</Disponibilit_><DateVente>3/19/2019&#160;23:59</DateVente><PrixVente>16.00</PrixVente><Poids>0.3</Poids><DateCreation>1/19/2019&#160;10:37</DateCreation><DateMAJ>NULL</DateMAJ></PPProduits>
<PPProduits><NoProduit>1400018</NoProduit><NoVendeur>14</NoVendeur><NoCategorie>508</NoCategorie><Nom>Sac&#160;à&#160;main</Nom><Description>Un&#160;sac&#160;à&#160;main&#160;de&#160;grande&#160;taille&#160;pour&#160;tous&#160;les&#160;éléments&#160;essentiels&#160;que&#160;vous&#160;avez&#160;besoin&#160;pour&#160;votre&#160;journée.&#160;Style&#160;:&#160;triangle&#160;original,&#160;dessin&#160;sérigraphié&#160;avec&#160;noire&#160;sans&#160;solvant&#160;sur&#160;toile.&#160;Tissu&#160;extérieur&#160;est&#160;une&#160;toile&#160;de&#160;couleur&#160;naturelle&#160;100&#160;%.</Description><Photo>1400018.jpg</Photo><PrixDemande>94.94</PrixDemande><NombreItems>4</NombreItems><Disponibilit_>0</Disponibilit_><DateVente>3/19/2019&#160;23:59</DateVente><PrixVente>94.94</PrixVente><Poids>1.8</Poids><DateCreation>1/19/2019&#160;10:44</DateCreation><DateMAJ>NULL</DateMAJ></PPProduits>
<PPProduits><NoProduit>1400019</NoProduit><NoVendeur>14</NoVendeur><NoCategorie>508</NoCategorie><Nom>Oeuf&#160;décoratif</Nom><Description>Oeuf&#160;Pyssanka&#160;ukrainien&#160;turquoise.&#160;Peint&#160;à&#160;la&#160;main&#160;sur&#160;coquille&#160;d’oeuf&#160;de&#160;poule.&#160;La&#160;coquille&#160;d’oeuf&#160;est&#160;soigneusement&#160;sélectionnée&#160;pour&#160;la&#160;meilleure&#160;forme&#160;de&#160;coquille&#160;et&#160;la&#160;douceur.</Description><Photo>1400019.jpg</Photo><PrixDemande>54.25</PrixDemande><NombreItems>3</NombreItems><Disponibilit_>1</Disponibilit_><DateVente>3/19/2019&#160;23:59</DateVente><PrixVente>54.25</PrixVente><Poids>1.3</Poids><DateCreation>1/19/2019&#160;10:59</DateCreation><DateMAJ>NULL</DateMAJ></PPProduits>
<PPProduits><NoProduit>1600001</NoProduit><NoVendeur>16</NoVendeur><NoCategorie>501</NoCategorie><Nom>Couverture&#160;requin</Nom><Description>Petite&#160;couverture&#160;en&#160;polar&#160;pour&#160;enfants&#160;en&#160;forme&#160;de&#160;requin.&#160;Insertion&#160;par&#160;la&#160;bouche&#160;du&#160;requin.</Description><Photo>1600001.JPG</Photo><PrixDemande>5.00</PrixDemande><NombreItems>1</NombreItems><Disponibilit_>1</Disponibilit_><DateVente>3/20/2019&#160;23:59</DateVente><PrixVente>4.00</PrixVente><Poids>1.0</Poids><DateCreation>1/20/2019&#160;13:02</DateCreation><DateMAJ>NULL</DateMAJ></PPProduits>
<PPProduits><NoProduit>1600002</NoProduit><NoVendeur>16</NoVendeur><NoCategorie>501</NoCategorie><Nom>KitchenAid&#160;Mini&#160;robot&#160;de&#160;cuisine&#160;rouge</Nom><Description>3.5-cup&#160;Chopper&#160;bol&#160;avec&#160;couvercle,&#160;verser&#160;le&#160;bec,&#160;les&#160;graduations&#160;et&#160;poignée&#160;souple
Deux&#160;vitesses :&#160;Chop&#160;et&#160;purées
Ingrédient&#160;liquide&#160;adder
Lave-vaisselle&#160;bol&#160;de&#160;travail&#160;sûr,&#160;lame&#160;et&#160;couvercle&#160;dentelé&#160;lame&#160;en&#160;acier&#160;inoxydable</Description><Photo>1600002.jpg</Photo><PrixDemande>49.99</PrixDemande><NombreItems>2</NombreItems><Disponibilit_>1</Disponibilit_><DateVente>3/20/2019&#160;23:59</DateVente><PrixVente>39.99</PrixVente><Poids>2.7</Poids><DateCreation>1/20/2019&#160;13:16</DateCreation><DateMAJ>NULL</DateMAJ></PPProduits>
<PPProduits><NoProduit>1600003</NoProduit><NoVendeur>16</NoVendeur><NoCategorie>501</NoCategorie><Nom>Distributeur&#160;de&#160;savon&#160;VOXNAN</Nom><Description>Facile&#160;à&#160;remplir&#160;grâce&#160;à&#160;la&#160;grande&#160;ouverture&#160;du&#160;distributeur&#160;de&#160;savon.</Description><Photo>1600003.JPG</Photo><PrixDemande>7.99</PrixDemande><NombreItems>5</NombreItems><Disponibilit_>1</Disponibilit_><DateVente>3/20/2019&#160;23:59</DateVente><PrixVente>5.99</PrixVente><Poids>0.7</Poids><DateCreation>1/20/2019&#160;13:35</DateCreation><DateMAJ>NULL</DateMAJ></PPProduits>
<PPProduits><NoProduit>1600004</NoProduit><NoVendeur>16</NoVendeur><NoCategorie>501</NoCategorie><Nom>Tapis&#160;de&#160;baignoire&#160;antidérapant&#160;antibactérien</Nom><Description>Le&#160;tapis&#160;a&#160;une&#160;taille&#160;généreuse&#160;de&#160;40,6&#160;x&#160;96,5&#160;cm ;&#160;fabriqué&#160;en&#160;matériau&#160;respectueux&#160;de&#160;l'environnement&#160;PVC
Poignée&#160;solide&#160;recouvert&#160;de&#160;ventouses&#160;qui,&#160;une&#160;fois&#160;pressé&#160;en&#160;place&#160;adhèrent&#160;fermement&#160;au&#160;sol&#160;de&#160;la&#160;baignoire&#160;ou&#160;cabine&#160;de&#160;douche&#160;et&#160;ne&#160;seront&#160;pas&#160;déplacer&#160;ou&#160;glisser&#160;lorsque&#160;vous&#160;étape&#160;sous&#160;ou&#160;hors&#160;tension ;&#160;la&#160;partie&#160;supérieure&#160;du&#160;tapis&#160;est&#160;texturée,&#160;donnant&#160;à&#160;vos&#160;pieds&#160;plus&#160;de&#160;traction&#160;et&#160;de&#160;confort&#160;qui&#160;apaise&#160;et&#160;doucement&#160;massages&#160;les&#160;pieds&#160;fatigués
Idéal&#160;pour&#160;un&#160;usage&#160;intensif&#160;des&#160;situations&#160;telles&#160;que&#160;maisons&#160;hôtels&#160;hôpitaux&#160;Assisted&#160;Living&#160;installations&#160;gymnases&#160;saunas&#160;spas&#160;et&#160;beaucoup&#160;d'autres&#160;endroits&#160;ainsi&#160;que&#160;des&#160;maisons&#160;avec&#160;de&#160;petits&#160;enfants,&#160;les&#160;personnes&#160;âgées&#160;ou&#160;toute&#160;personne&#160;qui&#160;exige&#160;les&#160;plus&#160;hauts&#160;standards&#160;de&#160;sécurité&#160;et&#160;de&#160;qualité
contenir&#160;les&#160;bactéries&#160;et&#160;les&#160;dépôts&#160;de&#160;savon&#160;résister&#160;des&#160;microbes&#160;pathogènes&#160;et&#160;bactéries&#160;vous&#160;permet&#160;de&#160;remplir&#160;la&#160;baignoire ;&#160;ils&#160;sont&#160;sans&#160;latex&#160;non&#160;toxique&#160;odeur&#160;et&#160;résiste&#160;à&#160;la&#160;croissance&#160;de&#160;la&#160;tache&#160;et&#160;responsables&#160;des&#160;mauvaises&#160;odeurs&#160;et&#160;moisissures&#160;sur&#160;le&#160;tapis&#160;de&#160;baignoire ;&#160;également&#160;repousse&#160;les&#160;résidus&#160;de&#160;savon&#160;qui&#160;peuvent&#160;causer&#160;des&#160;glissements
Beau&#160;design&#160;extra&#160;long&#160;avec&#160;Crystal&#160;Clear&#160;couleur&#160;design&#160;compliments&#160;tous&#160;les&#160;styles ;&#160;lavable&#160;en&#160;machine</Description><Photo>1600004.jpg</Photo><PrixDemande>15.99</PrixDemande><NombreItems>4</NombreItems><Disponibilit_>1</Disponibilit_><DateVente>3/20/2019&#160;23:59</DateVente><PrixVente>10.99</PrixVente><Poids>1.8</Poids><DateCreation>1/20/2019&#160;13:49</DateCreation><DateMAJ>NULL</DateMAJ></PPProduits>
<PPProduits><NoProduit>1600005</NoProduit><NoVendeur>16</NoVendeur><NoCategorie>501</NoCategorie><Nom>Cellier&#160;silencieux&#160;12&#160;bouteilles&#160;argent</Nom><Description>Capacité&#160;pour&#160;12
Plage&#160;de&#160;température&#160;réglable :&#160;50–66&#160;degreef
Extérieur&#160;avec&#160;écran&#160;tactile&#160;numérique&#160;avec&#160;affichage&#160;de&#160;la&#160;température
Autonome&#160;uniquement</Description><Photo>1600005.jpg</Photo><PrixDemande>238.88</PrixDemande><NombreItems>3</NombreItems><Disponibilit_>1</Disponibilit_><DateVente>3/20/2019&#160;23:59</DateVente><PrixVente>200.00</PrixVente><Poids>34.0</Poids><DateCreation>1/20/2019&#160;13:56</DateCreation><DateMAJ>NULL</DateMAJ></PPProduits>
<PPProduits><NoProduit>1600006</NoProduit><NoVendeur>16</NoVendeur><NoCategorie>501</NoCategorie><Nom>Réfrigérateur&#160;TILLREDA</Nom><Description>Un&#160;petit&#160;réfrigérateur&#160;autoportant&#160;qui&#160;trouvera&#160;sa&#160;place&#160;dans&#160;toutes&#160;les&#160;cuisines.
Pour&#160;que&#160;les&#160;boissons&#160;et&#160;les&#160;aliments&#160;soient&#160;plus&#160;frais,&#160;les&#160;placer&#160;dans&#160;le&#160;compartiment&#160;congélateur.
Possibilité&#160;de&#160;monter&#160;la&#160;porte&#160;pour&#160;ouverture&#160;à&#160;droite&#160;ou&#160;à&#160;gauche.
Garantie&#160;2&#160;ans.</Description><Photo>1600006.JPG</Photo><PrixDemande>139.00</PrixDemande><NombreItems>2</NombreItems><Disponibilit_>1</Disponibilit_><DateVente>3/20/2019&#160;23:59</DateVente><PrixVente>129.00</PrixVente><Poids>34.0</Poids><DateCreation>1/20/2019&#160;14:09</DateCreation><DateMAJ>NULL</DateMAJ></PPProduits>
<PPProduits><NoProduit>1600007</NoProduit><NoVendeur>16</NoVendeur><NoCategorie>501</NoCategorie><Nom>Couverture&#160;chauffante</Nom><Description>Couverture&#160;chauffante&#160;uniquement&#160;dans&#160;le&#160;marché&#160;avec&#160;thermofine.&#160;La&#160;technologie&#160;intelligente&#160;ce&#160;sentiment&#160;et&#160;s'adapte&#160;à&#160;votre&#160;environnement&#160;de&#160;sommeil&#160;afin&#160;de&#160;maintenir&#160;la&#160;température&#160;souhaitée
Baissez&#160;le&#160;thermostat&#160;et&#160;enregistrer&#160;jusqu'à&#160;10%&#160;sur&#160;vos&#160;factures&#160;de&#160;chauffage.
Contrôleur&#160;facile&#160;à&#160;utiliser&#160;avec&#160;5&#160;réglages&#160;de&#160;chaleur&#160;pour&#160;un&#160;confort&#160;chaud,&#160;doux.
10-hr&#160;Auto-Off ;&#160;lavable&#160;en&#160;machine/sèche-linge ;&#160;100%&#160;polyester</Description><Photo>1600007.jpg</Photo><PrixDemande>139.99</PrixDemande><NombreItems>3</NombreItems><Disponibilit_>1</Disponibilit_><DateVente>3/20/2019&#160;23:59</DateVente><PrixVente>129.99</PrixVente><Poids>5.5</Poids><DateCreation>1/20/2019&#160;14:29</DateCreation><DateMAJ>NULL</DateMAJ></PPProduits>
<PPProduits><NoProduit>1600008</NoProduit><NoVendeur>16</NoVendeur><NoCategorie>502</NoCategorie><Nom>Humidificateur</Nom><Description>Baissez&#160;le&#160;thermostat&#160;et&#160;enregistrer&#160;jusqu'à&#160;10%&#160;sur&#160;vos&#160;factures&#160;de&#160;chauffage.</Description><Photo>1600008.jpg</Photo><PrixDemande>35.00</PrixDemande><NombreItems>2</NombreItems><Disponibilit_>1</Disponibilit_><DateVente>3/21/2019&#160;23:59</DateVente><PrixVente>35.00</PrixVente><Poids>12.0</Poids><DateCreation>1/21/2019&#160;9:00</DateCreation><DateMAJ>NULL</DateMAJ></PPProduits>
<PPProduits><NoProduit>1600009</NoProduit><NoVendeur>16</NoVendeur><NoCategorie>502</NoCategorie><Nom>Honeywell&#160;Hz-1350 C&#160;Chauffage&#160;en&#160;céramique</Nom><Description>Efficace&#160;en&#160;céramique&#160;de&#160;chauffage&#160;avec&#160;thermostat&#160;réglable&#160;maintient&#160;la&#160;chaleur&#160;souhaitée
Arrêt&#160;automatique&#160;et&#160;sécurité&#160;pointe&#160;sur&#160;commutateur&#160;pour&#160;plus&#160;de&#160;sécurité&#160;et&#160;de&#160;la&#160;protection
Commandes&#160;manuelles&#160;sur&#160;le&#160;dessus&#160;pour&#160;la&#160;facilité&#160;d'utilisation
Fabriqué&#160;avec&#160;vo&#160;classé&#160;en&#160;plastique&#160;qui&#160;se&#160;trouve&#160;au-dessus&#160;et&#160;au-delà&#160;des&#160;standards&#160;de&#160;l'industrie
Élément&#160;chauffant&#160;en&#160;céramique&#160;pour&#160;plus&#160;de&#160;sûreté,&#160;3&#160;réglages&#160;de&#160;vitesse&#160;élevée,&#160;faible&#160;plus&#160;de&#160;ventilateur</Description><Photo>1600009.jpg</Photo><PrixDemande>44.99</PrixDemande><NombreItems>2</NombreItems><Disponibilit_>1</Disponibilit_><DateVente>3/21/2019&#160;23:59</DateVente><PrixVente>44.99</PrixVente><Poids>4.0</Poids><DateCreation>1/21/2019&#160;9:06</DateCreation><DateMAJ>NULL</DateMAJ></PPProduits>
<PPProduits><NoProduit>1600010</NoProduit><NoVendeur>16</NoVendeur><NoCategorie>502</NoCategorie><Nom>Table&#160;de&#160;cuisine&#160;style&#160;scandinave</Nom><Description>Table&#160;de&#160;48’’&#160;x&#160;96’’&#160;en&#160;frêne&#160;massif&#160;Épaisseur&#160;2’’&#160;avec&#160;insertions&#160;en&#160;érable&#160;torréfier&#160;Pattes&#160;en&#160;acier&#160;,&#160;cornière&#160;en&#160;L&#160;4’’&#160;x&#160;4’’&#160;aux&#160;extrémités,&#160;donc&#160;aucune&#160;pattes&#160;au&#160;milieu&#160;Peut&#160;assoir&#160;12&#160;personnes&#160;Pièce&#160;unique&#160;faite&#160;à&#160;la&#160;main&#160;Valeur&#160;2000$&#160;Liquidation&#160;à&#160;800$</Description><Photo>1600010.jpg</Photo><PrixDemande>500.00</PrixDemande><NombreItems>1</NombreItems><Disponibilit_>1</Disponibilit_><DateVente>3/21/2019&#160;23:59</DateVente><PrixVente>500.00</PrixVente><Poids>45.0</Poids><DateCreation>1/21/2019&#160;9:20</DateCreation><DateMAJ>NULL</DateMAJ></PPProduits>
<PPProduits><NoProduit>1600011</NoProduit><NoVendeur>16</NoVendeur><NoCategorie>502</NoCategorie><Nom>Meuble&#160;foyer</Nom><Description>Meuble&#160;avec&#160;foyer&#160;intégré&#160;acheté&#160;sur&#160;costco.ca&#160;Manuel&#160;d’instruction&#160;et&#160;télécommande.</Description><Photo>1600011.jpg</Photo><PrixDemande>275.00</PrixDemande><NombreItems>1</NombreItems><Disponibilit_>1</Disponibilit_><DateVente>3/21/2019&#160;23:59</DateVente><PrixVente>275.00</PrixVente><Poids>116.0</Poids><DateCreation>1/21/2019&#160;9:40</DateCreation><DateMAJ>NULL</DateMAJ></PPProduits>
<PPProduits><NoProduit>1600012</NoProduit><NoVendeur>16</NoVendeur><NoCategorie>502</NoCategorie><Nom>Bureau&#160;en&#160;U</Nom><Description>Très&#160;grand&#160;bureau&#160;en&#160;forme&#160;de&#160;U.&#160;Facile&#160;à&#160;démontrer&#160;pour&#160;le&#160;transport.&#160;extérieur:&#160;60''&#160;x&#160;90''&#160;Intérieur:&#160;40''&#160;x&#160;42''</Description><Photo>1600012.jpg</Photo><PrixDemande>50.00</PrixDemande><NombreItems>1</NombreItems><Disponibilit_>1</Disponibilit_><DateVente>3/21/2019&#160;23:59</DateVente><PrixVente>50.00</PrixVente><Poids>323.0</Poids><DateCreation>1/21/2019&#160;10:00</DateCreation><DateMAJ>NULL</DateMAJ></PPProduits>
<PPProduits><NoProduit>1600013</NoProduit><NoVendeur>16</NoVendeur><NoCategorie>502</NoCategorie><Nom>Lit&#160;superposé&#160;en&#160;métal&#160;avec&#160;deux&#160;échelles</Nom><Description>En&#160;attente&#160;de&#160;brevet&#160;Quick&#160;Lock&#160;facile&#160;assemblée&#160;en&#160;moins&#160;d'une&#160;heure
Support&#160;en&#160;acier&#160;robuste&#160;avec&#160;pas&#160;besoin&#160;de&#160;sommier&#160;tapissier
Les&#160;dimensions&#160;sont&#160;76.2&quot;l&#160;x&#160;104,9&#160;cm&#160;W&#160;x&#160;154,4&#160;cm&#160;H
Pratique&#160;et&#160;compact&#160;emballage&#160;permet&#160;FedEx/UPS&#160;expédition
Deux&#160;échelles&#160;sont&#160;intégrés&#160;included-mattresses&#160;vendu&#160;séparément</Description><Photo>1600013.jpg</Photo><PrixDemande>231.99</PrixDemande><NombreItems>1</NombreItems><Disponibilit_>1</Disponibilit_><DateVente>3/21/2019&#160;23:59</DateVente><PrixVente>231.99</PrixVente><Poids>98.1</Poids><DateCreation>1/21/2019&#160;10:05</DateCreation><DateMAJ>NULL</DateMAJ></PPProduits>
<PPProduits><NoProduit>1600014</NoProduit><NoVendeur>16</NoVendeur><NoCategorie>503</NoCategorie><Nom>Console&#160;PlayStation&#160;1</Nom><Description>Console&#160;PlayStation&#160;1&#160;en&#160;excellente&#160;condition,&#160;fourni&#160;avec&#160;manette&#160;et&#160;filages</Description><Photo>1600014.JPG</Photo><PrixDemande>40.00</PrixDemande><NombreItems>1</NombreItems><Disponibilit_>1</Disponibilit_><DateVente>3/22/2019&#160;23:59</DateVente><PrixVente>40.00</PrixVente><Poids>1.0</Poids><DateCreation>1/22/2019&#160;9:03</DateCreation><DateMAJ>NULL</DateMAJ></PPProduits>
<PPProduits><NoProduit>1600015</NoProduit><NoVendeur>16</NoVendeur><NoCategorie>503</NoCategorie><Nom>Nikon&#160;24-85</Nom><Description>Nikon&#160;AF-S&#160;Nikkor&#160;24-85mm&#160;f/3.5-4.5G&#160;ED</Description><Photo>1600015.JPG</Photo><PrixDemande>100.00</PrixDemande><NombreItems>1</NombreItems><Disponibilit_>1</Disponibilit_><DateVente>3/22/2019&#160;23:59</DateVente><PrixVente>100.00</PrixVente><Poids>1.0</Poids><DateCreation>1/22/2019&#160;9:22</DateCreation><DateMAJ>NULL</DateMAJ></PPProduits>
<PPProduits><NoProduit>1600016</NoProduit><NoVendeur>16</NoVendeur><NoCategorie>503</NoCategorie><Nom>Apple&#160;Watch&#160;4</Nom><Description>Voici&#160;la&#160;montre&#160;Apple&#160;Watch&#160;de&#160;série&#160;4.&#160;Fondamentalement&#160;redessinée&#160;et&#160;repensée&#160;pour&#160;vous&#160;garder&#160;actif,&#160;en&#160;santé,&#160;et&#160;connecté.&#160;Le&#160;plus&#160;grand&#160;écran&#160;Apple&#160;Watch&#160;à&#160;ce&#160;jour.&#160;Moniteur&#160;de&#160;fréquence&#160;cardiaque&#160;électrique&#160;intégré.&#160;Nouvelle&#160;couronne&#160;numérique&#160;avec&#160;rétroaction&#160;haptique&#160;Notifications&#160;de&#160;fréquence&#160;cardiaque&#160;basse&#160;et&#160;haute.&#160;Détection&#160;des&#160;chutes&#160;et&#160;SOS&#160;d'urgence.</Description><Photo>1600016.jpg</Photo><PrixDemande>489.99</PrixDemande><NombreItems>2</NombreItems><Disponibilit_>1</Disponibilit_><DateVente>3/22/2019&#160;23:59</DateVente><PrixVente>489.99</PrixVente><Poids>0.1</Poids><DateCreation>1/22/2019&#160;9:31</DateCreation><DateMAJ>NULL</DateMAJ></PPProduits>
<PPProduits><NoProduit>1600017</NoProduit><NoVendeur>16</NoVendeur><NoCategorie>503</NoCategorie><Nom>iPhone&#160;XS&#160;Max</Nom><Description>Le&#160;iPhone&#160;XS&#160;Max&#160;d'Apple&#160;offre&#160;juqu'à&#160;512&#160;Go&#160;de&#160;stockage,&#160;la&#160;puce&#160;A12&#160;Bionic&#160;et&#160;un&#160;écran&#160;Super&#160;Retina&#160;de&#160;6,5&#160;po.&#160;Jusqu'à&#160;1.5h&#160;de&#160;plus&#160;d'autonomie&#160;que&#160;le&#160;iPhone&#160;X.</Description><Photo>1600017.jpg</Photo><PrixDemande>1500.99</PrixDemande><NombreItems>2</NombreItems><Disponibilit_>1</Disponibilit_><DateVente>3/22/2019&#160;23:59</DateVente><PrixVente>1500.99</PrixVente><Poids>0.5</Poids><DateCreation>1/22/2019&#160;9:44</DateCreation><DateMAJ>NULL</DateMAJ></PPProduits>
<PPProduits><NoProduit>1600018</NoProduit><NoVendeur>16</NoVendeur><NoCategorie>504</NoCategorie><Nom>Sac&#160;de&#160;nuit&#160;SleepSack</Nom><Description>Le&#160;sac&#160;de&#160;nuit&#160;SleepSack&#160;de&#160;Halo&#160;remplace&#160;les&#160;couvertures&#160;libres&#160;dans&#160;le&#160;berceau,&#160;qui&#160;risquent&#160;de&#160;couvrir&#160;le&#160;visage&#160;de&#160;votre&#160;enfant&#160;et&#160;d'entraver&#160;sa&#160;respiration.&#160;Il&#160;améliore&#160;à&#160;la&#160;fois&#160;la&#160;sécurité&#160;et&#160;la&#160;qualité&#160;du&#160;sommeil&#160;de&#160;votre&#160;enfant.&#160;Cette&#160;couverture&#160;chaude&#160;et&#160;moelleuse&#160;ne&#160;peut&#160;être&#160;enlevée&#160;d'un&#160;coup&#160;de&#160;pied,&#160;ce&#160;qui&#160;assure&#160;à&#160;votre&#160;enfant&#160;un&#160;sommeil&#160;paisible&#160;toute&#160;la&#160;nuit.</Description><Photo>1600018.jpg</Photo><PrixDemande>34.99</PrixDemande><NombreItems>3</NombreItems><Disponibilit_>1</Disponibilit_><DateVente>3/23/2019&#160;23:59</DateVente><PrixVente>34.99</PrixVente><Poids>0.7</Poids><DateCreation>1/23/2019&#160;9:00</DateCreation><DateMAJ>NULL</DateMAJ></PPProduits>
<PPProduits><NoProduit>1600019</NoProduit><NoVendeur>16</NoVendeur><NoCategorie>504</NoCategorie><Nom>Ensemble&#160;de&#160;moniteurs&#160;Side&#160;By&#160;Side&#160;2.0</Nom><Description>Regardez&#160;facilement&#160;un,&#160;deux,&#160;trois&#160;ou&#160;quatre&#160;enfants&#160;ou&#160;pièces&#160;simultanément&#160;sur&#160;le&#160;même&#160;écran.&#160;Particulièrement&#160;utile&#160;pour&#160;les&#160;parents&#160;qui&#160;ont&#160;plusieurs&#160;enfants.&#160;Vous&#160;pouvez&#160;également&#160;choisir&#160;le&#160;mode&#160;de&#160;rotation&#160;automatique&#160;entre&#160;les&#160;chambres&#160;toutes&#160;les&#160;huit&#160;secondes.</Description><Photo>1600019.jpg</Photo><PrixDemande>329.99</PrixDemande><NombreItems>3</NombreItems><Disponibilit_>1</Disponibilit_><DateVente>3/23/2019&#160;23:59</DateVente><PrixVente>329.99</PrixVente><Poids>2.9</Poids><DateCreation>1/23/2019&#160;9:09</DateCreation><DateMAJ>NULL</DateMAJ></PPProduits>
<PPProduits><NoProduit>1600020</NoProduit><NoVendeur>16</NoVendeur><NoCategorie>504</NoCategorie><Nom>Lit&#160;de&#160;bébé&#160;transformable&#160;4-en-1&#160;Danbury</Nom><Description>Grâce&#160;à&#160;son&#160;design&#160;classique,&#160;la&#160;collection&#160;Danbury&#160;par&#160;Oxford&#160;Baby&#160;dégage&#160;la&#160;distinction&#160;et&#160;le&#160;charme&#160;tout&#160;en&#160;incorporant&#160;les&#160;plus&#160;hautes&#160;normes&#160;de&#160;qualité&#160;et&#160;de&#160;sécurité&#160;de&#160;l'industrie.&#160;La&#160;collection&#160;Danbury&#160;propose&#160;de&#160;jolis&#160;panneaux&#160;en&#160;relief&#160;et&#160;des&#160;bordures&#160;en&#160;biseau.&#160;Ses&#160;lignes&#160;sobres&#160;sont&#160;décorées&#160;de&#160;moulures&#160;détaillées.</Description><Photo>1600020.jpg</Photo><PrixDemande>549.99</PrixDemande><NombreItems>2</NombreItems><Disponibilit_>1</Disponibilit_><DateVente>3/23/2019&#160;23:59</DateVente><PrixVente>549.99</PrixVente><Poids>126.3</Poids><DateCreation>1/23/2019&#160;9:28</DateCreation><DateMAJ>NULL</DateMAJ></PPProduits>
<PPProduits><NoProduit>1600021</NoProduit><NoVendeur>16</NoVendeur><NoCategorie>504</NoCategorie><Nom>Commode&#160;à&#160;7&#160;tiroirs&#160;Danbury</Nom><Description>La&#160;commode&#160;à&#160;tiroirs&#160;Danbury&#160;par&#160;Oxford&#160;Baby&#160;est&#160;un&#160;meuble&#160;indispensable&#160;pour&#160;compléter&#160;la&#160;chambre&#160;de&#160;votre&#160;enfant.&#160;Grâce&#160;à&#160;ses&#160;7&#160;grands&#160;tiroirs,&#160;elle&#160;offre&#160;beaucoup&#160;d'espace&#160;de&#160;rangement.</Description><Photo>1600021.jpg</Photo><PrixDemande>599.99</PrixDemande><NombreItems>2</NombreItems><Disponibilit_>1</Disponibilit_><DateVente>3/23/2019&#160;23:59</DateVente><PrixVente>599.99</PrixVente><Poids>169.2</Poids><DateCreation>1/23/2019&#160;9:49</DateCreation><DateMAJ>NULL</DateMAJ></PPProduits>
<PPProduits><NoProduit>1600022</NoProduit><NoVendeur>16</NoVendeur><NoCategorie>504</NoCategorie><Nom>Jeu&#160;de&#160;basket-ball&#160;Easy&#160;Score</Nom><Description>Ce&#160;panier&#160;de&#160;basketball&#160;réglable&#160;pour&#160;enfants&#160;encourage&#160;un&#160;jeu&#160;actif&#160;et&#160;leur&#160;fait&#160;découvrir&#160;un&#160;jeu&#160;compétitif&#160;qui&#160;leur&#160;permettra&#160;de&#160;réussir&#160;avec&#160;un&#160;niveau&#160;adéquat&#160;de&#160;stimulation.&#160;L'ensemble&#160;de&#160;panier&#160;de&#160;basketball&#160;TotSports&#160;Easy&#160;Score&#160;pour&#160;enfants&#160;rend&#160;les&#160;sports&#160;faciles&#160;et&#160;captivants&#160;pour&#160;les&#160;jeunes&#160;enfants&#160;qui&#160;grandissent.</Description><Photo>1600022.jpg</Photo><PrixDemande>39.99</PrixDemande><NombreItems>3</NombreItems><Disponibilit_>1</Disponibilit_><DateVente>3/23/2019&#160;23:59</DateVente><PrixVente>39.99</PrixVente><Poids>9.0</Poids><DateCreation>1/23/2019&#160;9:58</DateCreation><DateMAJ>NULL</DateMAJ></PPProduits>
<PPProduits><NoProduit>1600023</NoProduit><NoVendeur>16</NoVendeur><NoCategorie>504</NoCategorie><Nom>Auto&#160;PlasmaCar</Nom><Description>L'auto&#160;PlasmaCar&#160;est&#160;conçue&#160;pour&#160;durer:&#160;faite&#160;de&#160;plastique&#160;ABS&#160;de&#160;haute&#160;qualité,&#160;solide&#160;et&#160;durable&#160;pour&#160;les&#160;enfants&#160;actifs.&#160;Modèle&#160;épuré&#160;visuellement&#160;et&#160;aussi&#160;facile&#160;à&#160;faire&#160;marcher.&#160;Elle&#160;comprend&#160;6&#160;roues,&#160;un&#160;siège,&#160;des&#160;repose-pieds&#160;et&#160;un&#160;volant.</Description><Photo>1600023.jpg</Photo><PrixDemande>69.99</PrixDemande><NombreItems>3</NombreItems><Disponibilit_>1</Disponibilit_><DateVente>3/23/2019&#160;23:59</DateVente><PrixVente>69.99</PrixVente><Poids>9.9</Poids><DateCreation>1/23/2019&#160;10:11</DateCreation><DateMAJ>NULL</DateMAJ></PPProduits>
<PPProduits><NoProduit>1600024</NoProduit><NoVendeur>16</NoVendeur><NoCategorie>504</NoCategorie><Nom>Ensemble&#160;de&#160;pâte&#160;à&#160;modeler&#160;</Nom><Description>Chacun&#160;des&#160;9&#160;pots&#160;contient&#160;56&#160;g&#160;de&#160;pâte&#160;à&#160;modeler&#160;colorée&#160;pour&#160;le&#160;modelage&#160;et&#160;le&#160;sculptage.&#160;Votre&#160;enfant&#160;pourra&#160;même&#160;combiner&#160;les&#160;couleurs,&#160;de&#160;même&#160;qu'utiliser&#160;les&#160;accessoires&#160;fournis,&#160;pour&#160;laisser&#160;libre&#160;cours&#160;à&#160;son&#160;imagination&#160;et&#160;sa&#160;créativité.&#160;La&#160;pâte&#160;à&#160;modeler&#160;peut&#160;être&#160;aplatie,&#160;roulée,&#160;puis&#160;formée&#160;à&#160;l'aide&#160;des&#160;moules&#160;inclus.&#160;Cet&#160;ensemble&#160;gardera&#160;votre&#160;enfant&#160;occupé&#160;des&#160;heures&#160;durant!&#160;Comprend&#160;9&#160;pots&#160;de&#160;pâte&#160;à&#160;modeler&#160;de&#160;taille&#160;moyenne,&#160;8&#160;moues,&#160;1&#160;rouleau,&#160;1&#160;couteau,&#160;2&#160;tubes&#160;de&#160;moulage&#160;avec&#160;plongeoir.&#160;Les&#160;couleurs&#160;et&#160;le&#160;contenu&#160;peuvent&#160;varier.</Description><Photo>1600024.jpg</Photo><PrixDemande>17.99</PrixDemande><NombreItems>5</NombreItems><Disponibilit_>1</Disponibilit_><DateVente>3/23/2019&#160;23:59</DateVente><PrixVente>17.99</PrixVente><Poids>1.9</Poids><DateCreation>1/23/2019&#160;10:29</DateCreation><DateMAJ>NULL</DateMAJ></PPProduits>
<PPProduits><NoProduit>1600025</NoProduit><NoVendeur>16</NoVendeur><NoCategorie>504</NoCategorie><Nom>Chauffe-biberon&#160;et&#160;chauffe-repas&#160;Closer&#160;to&#160;Nature</Nom><Description>Le&#160;chauffe-biberon&#160;et&#160;chauffe-repas&#160;électrique&#160;Closer&#160;to&#160;Nature&#160;réchauffe&#160;les&#160;biberons&#160;et&#160;la&#160;nourriture&#160;pour&#160;bébé&#160;rapidement&#160;et&#160;de&#160;façon&#160;sécuritaire,&#160;en&#160;environ&#160;4&#160;minutes.&#160;Le&#160;chauffe-biberon&#160;et&#160;chauffe-repas&#160;réchauffe&#160;nimporte&#160;quoi,&#160;du&#160;lait&#160;maternel&#160;aux&#160;aliments&#160;pour&#160;bébé,&#160;tout&#160;en&#160;aidant&#160;à&#160;préserver&#160;les&#160;éléments&#160;nutritifs&#160;indispensables&#160;au&#160;développement&#160;sain&#160;de&#160;votre&#160;bébé.&#160;Il&#160;suffit&#160;de&#160;placer&#160;le&#160;biberon&#160;ou&#160;le&#160;pot&#160;dans&#160;lappareil&#160;et&#160;dajuster&#160;le&#160;cadran&#160;de&#160;température&#160;facile&#160;à&#160;utiliser.</Description><Photo>1600025.jpg</Photo><PrixDemande>39.99</PrixDemande><NombreItems>3</NombreItems><Disponibilit_>1</Disponibilit_><DateVente>3/23/2019&#160;23:59</DateVente><PrixVente>39.99</PrixVente><Poids>1.3</Poids><DateCreation>1/23/2019&#160;10:58</DateCreation><DateMAJ>NULL</DateMAJ></PPProduits>
<PPProduits><NoProduit>1600026</NoProduit><NoVendeur>16</NoVendeur><NoCategorie>505</NoCategorie><Nom>Roulette&#160;sur&#160;plaque&#160;à&#160;usage&#160;général</Nom><Description>La&#160;roulette&#160;à&#160;usage&#160;général&#160;Madico&#160;allie&#160;robustesse,&#160;polyvalence&#160;et&#160;économie.&#160;Sa&#160;bande&#160;de&#160;roulement&#160;souple&#160;avec&#160;jante&#160;en&#160;caoutchouc&#160;durci&#160;procure&#160;une&#160;stabilité&#160;de&#160;roulement,&#160;un&#160;mouvement&#160;doux&#160;et&#160;coussiné,&#160;un&#160;déplacement&#160;du&#160;poids&#160;supérieur&#160;et&#160;une&#160;excellente&#160;protection&#160;du&#160;plancher.&#160;La&#160;roulette&#160;peut&#160;s'utiliser&#160;sur&#160;le&#160;bois&#160;franc,&#160;la&#160;tuile,&#160;le&#160;linoléum,&#160;le&#160;tapis,&#160;la&#160;céramique,&#160;le&#160;béton&#160;et&#160;l'acier.&#160;Elle&#160;est&#160;pivotante&#160;et&#160;dotée&#160;d'une&#160;finition&#160;au&#160;zinc&#160;qui&#160;résiste&#160;à&#160;la&#160;corrosion.&#160;Un&#160;frein&#160;permet&#160;de&#160;la&#160;bloquer&#160;en&#160;place&#160;pour&#160;plus&#160;de&#160;sécurité.&#160;La&#160;plaque&#160;de&#160;montage&#160;mesure&#160;1&#160;1/2&quot;&#160;x&#160;1&#160;13/16&quot;&#160;(38&#160;mm&#160;x&#160;46&#160;mm).&#160;Elle&#160;facilite&#160;l'installation&#160;et&#160;la&#160;fixation&#160;de&#160;la&#160;roulette&#160;sur&#160;des&#160;surfaces&#160;planes.&#160;La&#160;roulette&#160;mesure&#160;2&quot;&#160;(52&#160;mm)&#160;de&#160;hauteur&#160;et&#160;1&#160;1/2&quot;&#160;(40&#160;mm)&#160;de&#160;diamètre.&#160;Elle&#160;a&#160;une&#160;capacité&#160;de&#160;charge&#160;élevée&#160;de&#160;44&#160;lb&#160;(20&#160;kg).</Description><Photo>1600026.JPG</Photo><PrixDemande>2.59</PrixDemande><NombreItems>10</NombreItems><Disponibilit_>1</Disponibilit_><DateVente>3/24/2019&#160;23:59</DateVente><PrixVente>2.59</PrixVente><Poids>1.0</Poids><DateCreation>1/24/2019&#160;9:02</DateCreation><DateMAJ>NULL</DateMAJ></PPProduits>
<PPProduits><NoProduit>1600027</NoProduit><NoVendeur>16</NoVendeur><NoCategorie>505</NoCategorie><Nom>Boulon&#160;avec&#160;écrou&#160;pour&#160;abri&#160;d'auto,&#160;boîte&#160;de&#160;50</Nom><Description>Pour&#160;un&#160;abri&#160;d'auto&#160;solide&#160;et&#160;bien&#160;en&#160;place,&#160;optez&#160;pour&#160;ce&#160;boulon&#160;de&#160;carrosserie&#160;à&#160;tête&#160;ronde.&#160;Il&#160;est&#160;offert&#160;avec&#160;un&#160;écrou&#160;papillon&#160;pour&#160;plus&#160;de&#160;stabilité&#160;et&#160;il&#160;est&#160;entièrement&#160;fileté.&#160;Boîte&#160;de&#160;50&#160;boulons.</Description><Photo>1600027.JPG</Photo><PrixDemande>16.49</PrixDemande><NombreItems>5</NombreItems><Disponibilit_>1</Disponibilit_><DateVente>3/24/2019&#160;23:59</DateVente><PrixVente>16.49</PrixVente><Poids>0.1</Poids><DateCreation>1/24/2019&#160;9:21</DateCreation><DateMAJ>NULL</DateMAJ></PPProduits>
<PPProduits><NoProduit>1600028</NoProduit><NoVendeur>16</NoVendeur><NoCategorie>505</NoCategorie><Nom>Rondelles&#160;plates&#160;en&#160;acier,&#160;1/4&quot;,&#160;boîte&#160;de&#160;162</Nom><Description>Ces&#160;rondelles&#160;plates&#160;de&#160;marque&#160;Precision&#160;sont&#160;conçues&#160;en&#160;acier&#160;plaqué&#160;zinc.&#160;Celles-ci&#160;offrent&#160;une&#160;surface&#160;de&#160;contact&#160;plus&#160;grande&#160;sous&#160;la&#160;fixation,&#160;ce&#160;qui&#160;empêche&#160;la&#160;vis,&#160;le&#160;boulon&#160;ou&#160;l'écrou&#160;de&#160;creuser&#160;dans&#160;le&#160;matériau.&#160;Vendues&#160;en&#160;boîtes&#160;de&#160;162,&#160;elles&#160;ont&#160;un&#160;diamètre&#160;de&#160;boulon&#160;de&#160;1/4&quot;.</Description><Photo>1600028.JPG</Photo><PrixDemande>6.47</PrixDemande><NombreItems>4</NombreItems><Disponibilit_>1</Disponibilit_><DateVente>3/24/2019&#160;23:59</DateVente><PrixVente>6.47</PrixVente><Poids>0.1</Poids><DateCreation>1/24/2019&#160;9:40</DateCreation><DateMAJ>NULL</DateMAJ></PPProduits>
<PPProduits><NoProduit>1600029</NoProduit><NoVendeur>16</NoVendeur><NoCategorie>505</NoCategorie><Nom>Vis&#160;à&#160;tête&#160;plate,&#160;multi-usage</Nom><Description>Vis&#160;à&#160;tête&#160;plate,&#160;multi-usage.&#160;#8&#160;-&#160;3po.&#160;Boite&#160;de&#160;1Lb.</Description><Photo>1600029.JPG</Photo><PrixDemande>10.69</PrixDemande><NombreItems>4</NombreItems><Disponibilit_>1</Disponibilit_><DateVente>3/24/2019&#160;23:59</DateVente><PrixVente>10.69</PrixVente><Poids>1.0</Poids><DateCreation>1/24/2019&#160;9:47</DateCreation><DateMAJ>NULL</DateMAJ></PPProduits>
<PPProduits><NoProduit>1600030</NoProduit><NoVendeur>16</NoVendeur><NoCategorie>505</NoCategorie><Nom>Écrous&#160;hexagonaux&#160;en&#160;acier,&#160;boîte&#160;de&#160;50</Nom><Description>Ces&#160;écrous&#160;hexagonaux&#160;grade&#160;5&#160;de&#160;marque&#160;Precision&#160;sont&#160;parfaits&#160;pour&#160;les&#160;travaux&#160;dans&#160;le&#160;domaine&#160;industriel.&#160;Fabriqués&#160;en&#160;acier&#160;fini&#160;zinc,&#160;ils&#160;offrent&#160;aussi&#160;bien&#160;une&#160;bonne&#160;flexibilité&#160;qu'une&#160;forte&#160;résistance.&#160;Les&#160;écrous&#160;sont&#160;utilisés&#160;avec&#160;un&#160;boulon&#160;pour&#160;fixer&#160;mécaniquement&#160;deux&#160;matériaux.&#160;D'un&#160;filetage&#160;de&#160;1/4&quot;-20,&#160;ils&#160;viennent&#160;en&#160;boîtes&#160;de&#160;50.</Description><Photo>1600030.JPG</Photo><PrixDemande>3.78</PrixDemande><NombreItems>4</NombreItems><Disponibilit_>1</Disponibilit_><DateVente>3/24/2019&#160;23:59</DateVente><PrixVente>3.78</PrixVente><Poids>0.1</Poids><DateCreation>1/24/2019&#160;10:05</DateCreation><DateMAJ>NULL</DateMAJ></PPProduits>
<PPProduits><NoProduit>1600031</NoProduit><NoVendeur>16</NoVendeur><NoCategorie>505</NoCategorie><Nom>Écrou&#160;papillon</Nom><Description>Écrou&#160;papillon,&#160;1/4-20,&#160;50&#160;par&#160;boite.&#160;Les&#160;écrous&#160;papillons&#160;offrent&#160;une&#160;application&#160;très&#160;facile&#160;quand&#160;il&#160;est&#160;nécessaire&#160;d'enlever&#160;ou&#160;remplacer&#160;l'écrou&#160;ou&#160;quand&#160;le&#160;réglage&#160;est&#160;requis.</Description><Photo>1600031.JPG</Photo><PrixDemande>14.35</PrixDemande><NombreItems>5</NombreItems><Disponibilit_>1</Disponibilit_><DateVente>3/24/2019&#160;23:59</DateVente><PrixVente>14.35</PrixVente><Poids>0.1</Poids><DateCreation>1/24/2019&#160;10:25</DateCreation><DateMAJ>NULL</DateMAJ></PPProduits>
<PPProduits><NoProduit>1600032</NoProduit><NoVendeur>16</NoVendeur><NoCategorie>505</NoCategorie><Nom>Goupille&#160;rapide&#160;ronde,&#160;1/4&quot;&#160;x&#160;1&#160;3/8&quot;</Nom><Description>Cette&#160;goupille&#160;en&#160;acier&#160;galvanisé&#160;à&#160;boucle&#160;métallique&#160;est&#160;parfaite&#160;pour&#160;une&#160;application&#160;rapide.&#160;Elle&#160;est&#160;rapide&#160;et&#160;facile&#160;à&#160;utiliser.</Description><Photo>1600032.JPG</Photo><PrixDemande>1.59</PrixDemande><NombreItems>10</NombreItems><Disponibilit_>1</Disponibilit_><DateVente>3/24/2019&#160;23:59</DateVente><PrixVente>1.59</PrixVente><Poids>0.1</Poids><DateCreation>1/24/2019&#160;10:38</DateCreation><DateMAJ>NULL</DateMAJ></PPProduits>
<PPProduits><NoProduit>1600033</NoProduit><NoVendeur>16</NoVendeur><NoCategorie>506</NoCategorie><Nom>Chaussures&#160;de&#160;soccer&#160;extérieur&#160;pour&#160;homme</Nom><Description>Chaussures&#160;de&#160;soccer&#160;extérieur
Empeigne&#160;:&#160;matériau&#160;synthétique
Semelle&#160;intercalaire&#160;:&#160;coussinage&#160;EVA&#160;amovible&#160;absorbant&#160;les&#160;chocs
Semelle&#160;d'usure&#160;:&#160;15&#160;crampons&#160;en&#160;caoutchouc&#160;offrant&#160;maintien&#160;et&#160;équilibre</Description><Photo>1600033.jpg</Photo><PrixDemande>49.99</PrixDemande><NombreItems>2</NombreItems><Disponibilit_>1</Disponibilit_><DateVente>3/25/2019&#160;23:59</DateVente><PrixVente>49.99</PrixVente><Poids>1.8</Poids><DateCreation>1/25/2019&#160;9:01</DateCreation><DateMAJ>NULL</DateMAJ></PPProduits>
<PPProduits><NoProduit>1600034</NoProduit><NoVendeur>16</NoVendeur><NoCategorie>506</NoCategorie><Nom>Protège-tibias&#160;de&#160;soccer</Nom><Description>Protège-tibias&#160;de&#160;soccer
Coque&#160;de&#160;protection&#160;très&#160;résistante
Fermeture&#160;à&#160;l'avant&#160;avec&#160;sangle&#160;unique
Doublure&#160;en&#160;matériau&#160;synthétique&#160;souple
Rembourrage&#160;en&#160;EVA&#160;pour&#160;un&#160;meilleur&#160;amorti&#160;des&#160;chocs
Protège-chevilles&#160;fixes</Description><Photo>1600034.jpg</Photo><PrixDemande>29.99</PrixDemande><NombreItems>2</NombreItems><Disponibilit_>1</Disponibilit_><DateVente>3/25/2019&#160;23:59</DateVente><PrixVente>29.99</PrixVente><Poids>1.6</Poids><DateCreation>1/25/2019&#160;9:06</DateCreation><DateMAJ>NULL</DateMAJ></PPProduits>
<PPProduits><NoProduit>1600035</NoProduit><NoVendeur>16</NoVendeur><NoCategorie>506</NoCategorie><Nom>Gants&#160;de&#160;gardien&#160;de&#160;but&#160;de&#160;soccer&#160;pour&#160;adulte</Nom><Description>Gants&#160;de&#160;gardien&#160;de&#160;but&#160;de&#160;soccer
Mousse&#160;de&#160;latex&#160;pour&#160;une&#160;excellente&#160;adhérence&#160;dans&#160;des&#160;conditions&#160;variées
Fermeture&#160;ajustable&#160;avec&#160;velcro&#160;pour&#160;un&#160;ajustement&#160;personnalisé
Perforations&#160;aux&#160;doigts&#160;pour&#160;une&#160;meilleure&#160;respirabilité</Description><Photo>1600035.jpg</Photo><PrixDemande>34.99</PrixDemande><NombreItems>2</NombreItems><Disponibilit_>1</Disponibilit_><DateVente>3/25/2019&#160;23:59</DateVente><PrixVente>34.99</PrixVente><Poids>1.2</Poids><DateCreation>1/25/2019&#160;9:23</DateCreation><DateMAJ>NULL</DateMAJ></PPProduits>
<PPProduits><NoProduit>1600036</NoProduit><NoVendeur>16</NoVendeur><NoCategorie>506</NoCategorie><Nom>Ballon&#160;de&#160;soccer</Nom><Description>Ballon&#160;de&#160;soccer
PU&#160;texturé&#160;cousu&#160;à&#160;la&#160;machine
12&#160;panneaux
Vessie&#160;en&#160;caoutchouc&#160;renforcé&#160;pour&#160;un&#160;toucher&#160;uniforme&#160;et&#160;une&#160;conservation&#160;de&#160;la&#160;forme&#160;exceptionnelle</Description><Photo>1600036.jpg</Photo><PrixDemande>24.99</PrixDemande><NombreItems>0</NombreItems><Disponibilit_>1</Disponibilit_><DateVente>3/25/2019&#160;23:59</DateVente><PrixVente>24.99</PrixVente><Poids>1.0</Poids><DateCreation>1/25/2019&#160;9:31</DateCreation><DateMAJ>NULL</DateMAJ></PPProduits>
<PPProduits><NoProduit>1600037</NoProduit><NoVendeur>16</NoVendeur><NoCategorie>507</NoCategorie><Nom>Batterie&#160;acoustique&#160;10-12-16-22</Nom><Description>L'ensemble&#160;de&#160;batterie&#160;Fusion&#160;5&#160;morceaux&#160;Roadshow&#160;de&#160;Pearl&#160;vous&#160;offre&#160;tout&#160;ce&#160;dont&#160;vous&#160;avez&#160;besoin&#160;pour&#160;prendre&#160;possession&#160;votre&#160;première&#160;batterie&#160;acoustique,&#160;de&#160;la&#160;quincaillerie&#160;aux&#160;fûts,&#160;ainsi&#160;que&#160;la&#160;pédale&#160;et&#160;le&#160;banc.</Description><Photo>1600037.jpg</Photo><PrixDemande>649.00</PrixDemande><NombreItems>2</NombreItems><Disponibilit_>1</Disponibilit_><DateVente>3/26/2019&#160;23:59</DateVente><PrixVente>649.00</PrixVente><Poids>77.0</Poids><DateCreation>1/26/2019&#160;10:04</DateCreation><DateMAJ>NULL</DateMAJ></PPProduits>
<PPProduits><NoProduit>1600038</NoProduit><NoVendeur>16</NoVendeur><NoCategorie>507</NoCategorie><Nom>Guitare&#160;électrique&#160;pacifica&#160;rouge</Nom><Description>Parmi&#160;les&#160;meilleures&#160;affaires&#160;des&#160;dix&#160;dernières&#160;années&#160;sur&#160;le&#160;marché&#160;des&#160;guitares&#160;électriques,&#160;les&#160;guitares&#160;Pacifica&#160;de&#160;Yamaha&#160;sont&#160;réputées&#160;pour&#160;leur&#160;son&#160;superbe&#160;et&#160;leur&#160;exceptionnelle&#160;jouabilité.&#160;La&#160;série&#160;Pacifica&#160;propose&#160;des&#160;corps&#160;sculptés&#160;pour&#160;plus&#160;de&#160;confort,&#160;des&#160;manches&#160;vissés,&#160;des&#160;vibratos&#160;de&#160;style&#160;vintage&#160;et&#160;un&#160;sélecteur&#160;à&#160;5&#160;positions&#160;pour&#160;la&#160;configuration&#160;des&#160;capteurs&#160;H-S-S.</Description><Photo>1600038.jpg</Photo><PrixDemande>249.99</PrixDemande><NombreItems>3</NombreItems><Disponibilit_>1</Disponibilit_><DateVente>3/26/2019&#160;23:59</DateVente><PrixVente>249.99</PrixVente><Poids>7.5</Poids><DateCreation>1/26/2019&#160;10:13</DateCreation><DateMAJ>NULL</DateMAJ></PPProduits>
<PPProduits><NoProduit>1600039</NoProduit><NoVendeur>16</NoVendeur><NoCategorie>507</NoCategorie><Nom>Basse&#160;électrique&#160;cherry</Nom><Description>La&#160;basse&#160;SG&#160;originale&#160;est&#160;de&#160;retour&#160;et&#160;prête&#160;pour&#160;le&#160;rock&#160;avec&#160;le&#160;EB-0&#160;Player&#160;Pack.&#160;Il&#160;dispose&#160;de&#160;la&#160;forme&#160;courte&#160;SG&#160;EB-0&#160;avec&#160;un&#160;pick-up&#160;Sidewinder&#160;unique&#160;au&#160;cou&#160;pour&#160;un&#160;ton&#160;vintage&#160;puissant&#160;et&#160;chaleureux.</Description><Photo>1600039.jpg</Photo><PrixDemande>389.00</PrixDemande><NombreItems>3</NombreItems><Disponibilit_>1</Disponibilit_><DateVente>3/26/2019&#160;23:59</DateVente><PrixVente>389.00</PrixVente><Poids>7.7</Poids><DateCreation>1/26/2019&#160;10:18</DateCreation><DateMAJ>NULL</DateMAJ></PPProduits>
<PPProduits><NoProduit>1600040</NoProduit><NoVendeur>16</NoVendeur><NoCategorie>508</NoCategorie><Nom>Livre&#160;sur&#160;la&#160;photo&#160;avec&#160;cellulaire</Nom><Description>Livre&#160;&quot;L'Art&#160;de&#160;réussir&#160;toutes&#160;ses&#160;photos&#160;avec&#160;son&#160;téléphone&#160;cellulaire&quot;&#160;d'Alexandre&#160;Champagne.&#160;Petit&#160;cours&#160;101&#160;pour&#160;obtenir&#160;un&#160;résultat&#160;pro&#160;sans&#160;appareil&#160;photo.</Description><Photo>1600040.jpg</Photo><PrixDemande>22.95</PrixDemande><NombreItems>5</NombreItems><Disponibilit_>1</Disponibilit_><DateVente>3/27/2019&#160;23:59</DateVente><PrixVente>22.95</PrixVente><Poids>1.9</Poids><DateCreation>1/27/2019&#160;13:00</DateCreation><DateMAJ>NULL</DateMAJ></PPProduits>
<PPProduits></PPProduits>
</dataroot>
