<?xml version="1.0" standalone="yes"?>
<dataroot xmlns:od="urn:schemas-microsoft-com:officedata">
<PPTaxeFederale><NoTPS>201</NoTPS><DateEffectiveTPS>2001-01-01&#160;00:00</DateEffectiveTPS><TauxTPS>7.00</TauxTPS></PPTaxeFederale>
<PPTaxeFederale><NoTPS>202</NoTPS><DateEffectiveTPS>2005-01-01&#160;00:00</DateEffectiveTPS><TauxTPS>6.00</TauxTPS></PPTaxeFederale>
<PPTaxeFederale><NoTPS>203</NoTPS><DateEffectiveTPS>2008-01-01&#160;00:00</DateEffectiveTPS><TauxTPS>5.00</TauxTPS></PPTaxeFederale>
<PPTaxeFederale></PPTaxeFederale>
</dataroot>
