<?xml version="1.0" standalone="yes"?>
<dataroot xmlns:od="urn:schemas-microsoft-com:officedata">
<PPTypesLivraison><CodeLivraison>401</CodeLivraison><Description>Poste&#160;régulière</Description></PPTypesLivraison>
<PPTypesLivraison><CodeLivraison>402</CodeLivraison><Description>Poste&#160;prioritaire</Description></PPTypesLivraison>
<PPTypesLivraison><CodeLivraison>403</CodeLivraison><Description>Transport&#160;privé</Description></PPTypesLivraison>
<PPTypesLivraison></PPTypesLivraison>
</dataroot>
