<?xml version="1.0" standalone="yes"?>
<dataroot xmlns:od="urn:schemas-microsoft-com:officedata">
<PPVendeurs><NoVendeur>11</NoVendeur><NomAffaires>Les&#160;aubaines&#160;Vincent</NomAffaires><Nom>Vincent</Nom><Prenom>George</Prenom><Rue>324&#160;Rue&#160;Marquette</Rue><Ville>Laval</Ville><Province>QC</Province><CodePostal>H7E2B5</CodePostal><Pays>Canada</Pays><Tel1>4503548575</Tel1><Tel2>NULL</Tel2><AdresseEmail>vendeur11@gmail.com</AdresseEmail><MotDePasse>Secret123</MotDePasse><PoidsMaxLivraison>500</PoidsMaxLivraison><LivraisonGratuite>35.00</LivraisonGratuite><Taxes>1</Taxes><Pourcentage>0.05</Pourcentage><Configuration>11.xml</Configuration><DateCreation>1/1/2019&#160;5:23</DateCreation><DateMAJ>1/12/2019&#160;5:49</DateMAJ><Statut>1</Statut></PPVendeurs>
<PPVendeurs><NoVendeur>12</NoVendeur><NomAffaires>Tony&#160;et&#160;fils</NomAffaires><Nom>Capicolo</Nom><Prenom>Tony</Prenom><Rue>24&#160;Avenue&#160;Fenelon</Rue><Ville>Dorval</Ville><Province>QC</Province><CodePostal>H9T7A2</CodePostal><Pays>Canada</Pays><Tel1>5146336473</Tel1><Tel2>NULL</Tel2><AdresseEmail>vendeur12@gmail.com</AdresseEmail><MotDePasse>Secret123</MotDePasse><PoidsMaxLivraison>500</PoidsMaxLivraison><LivraisonGratuite>50.00</LivraisonGratuite><Taxes>1</Taxes><Pourcentage>0.15</Pourcentage><Configuration>12.xml</Configuration><DateCreation>1/3/2019&#160;7:45</DateCreation><DateMAJ>1/7/2019&#160;9:05</DateMAJ><Statut>1</Statut></PPVendeurs>
<PPVendeurs><NoVendeur>13</NoVendeur><NomAffaires>Chez&#160;Pamela</NomAffaires><Nom>Jefferson</Nom><Prenom>Pamela</Prenom><Rue>3&#160;Rue&#160;Deschamps</Rue><Ville>Rosemère</Ville><Province>QC</Province><CodePostal>H7Y8S9</CodePostal><Pays>Canada</Pays><Tel1>5147773847</Tel1><Tel2>4505658849</Tel2><AdresseEmail>vendeur13@gmail.com</AdresseEmail><MotDePasse>Secret123</MotDePasse><PoidsMaxLivraison>75</PoidsMaxLivraison><LivraisonGratuite>100.00</LivraisonGratuite><Taxes>1</Taxes><Pourcentage>NULL</Pourcentage><Configuration>13.xml</Configuration><DateCreation>1/7/2019&#160;9:15</DateCreation><DateMAJ>NULL</DateMAJ><Statut>NULL</Statut></PPVendeurs>
<PPVendeurs><NoVendeur>14</NoVendeur><NomAffaires>Buy&#160;Right</NomAffaires><Nom>Right</Nom><Prenom>Amanda</Prenom><Rue>195&#160;Buffalo&#160;Street</Rue><Ville>Kingston</Ville><Province>ON</Province><CodePostal>K0H1Y0</CodePostal><Pays>Canada</Pays><Tel1>6133496675</Tel1><Tel2>NULL</Tel2><AdresseEmail>vendeur14@gmail.com</AdresseEmail><MotDePasse>Secret123</MotDePasse><PoidsMaxLivraison>100</PoidsMaxLivraison><LivraisonGratuite>75.00</LivraisonGratuite><Taxes>1</Taxes><Pourcentage>0.1</Pourcentage><Configuration>14.xml</Configuration><DateCreation>1/11/2019&#160;6:17</DateCreation><DateMAJ>1/14/2019&#160;9:03</DateMAJ><Statut>1</Statut></PPVendeurs>
<PPVendeurs><NoVendeur>15</NoVendeur><NomAffaires>Au&#160;royaume&#160;d'Arthur</NomAffaires><Nom>Tremblay</Nom><Prenom>Arthur</Prenom><Rue>4&#160;Avenue&#160;Champlain</Rue><Ville>Candiac</Ville><Province>QC</Province><CodePostal>J4R1C9</CodePostal><Pays>Canada</Pays><Tel1>4508889483</Tel1><Tel2>5149938373</Tel2><AdresseEmail>vendeur15@gmail.com</AdresseEmail><MotDePasse>Secret123</MotDePasse><PoidsMaxLivraison>30</PoidsMaxLivraison><LivraisonGratuite>100.00</LivraisonGratuite><Taxes>1</Taxes><Pourcentage>NULL</Pourcentage><Configuration>15.xml</Configuration><DateCreation>1/16/2019&#160;11:48</DateCreation><DateMAJ>NULL</DateMAJ><Statut>NULL</Statut></PPVendeurs>
<PPVendeurs><NoVendeur>16</NoVendeur><NomAffaires>À&#160;bon&#160;prix</NomAffaires><Nom>Farant</Nom><Prenom>Charles</Prenom><Rue>432&#160;Avenue&#160;Dorval</Rue><Ville>Dorval</Ville><Province>QC</Province><CodePostal>H9S1A2</CodePostal><Pays>Canada</Pays><Tel1>5146337748</Tel1><Tel2>NULL</Tel2><AdresseEmail>vendeur16@gmail.com</AdresseEmail><MotDePasse>Secret123</MotDePasse><PoidsMaxLivraison>40</PoidsMaxLivraison><LivraisonGratuite>50.00</LivraisonGratuite><Taxes>1</Taxes><Pourcentage>0.05</Pourcentage><Configuration>16.xml</Configuration><DateCreation>1/17/2019&#160;8:34</DateCreation><DateMAJ>1/25/2019&#160;8:45</DateMAJ><Statut>1</Statut></PPVendeurs>
<PPVendeurs><NoVendeur>17</NoVendeur><NomAffaires>Good&#160;Price</NomAffaires><Nom>Mcarthy</Nom><Prenom>John</Prenom><Rue>857&#160;Captain&#160;Avenue</Rue><Ville>Moncton</Ville><Province>NB</Province><CodePostal>E6H1J8</CodePostal><Pays>Canada</Pays><Tel1>5066378822</Tel1><Tel2>NULL</Tel2><AdresseEmail>vendeur17@gmail.com</AdresseEmail><MotDePasse>Secret123</MotDePasse><PoidsMaxLivraison>50</PoidsMaxLivraison><LivraisonGratuite>75.00</LivraisonGratuite><Taxes>1</Taxes><Pourcentage>0.1</Pourcentage><Configuration>17.xml</Configuration><DateCreation>1/28/2019&#160;5:52</DateCreation><DateMAJ>1/28/2019&#160;9:07</DateMAJ><Statut>1</Statut></PPVendeurs>
<PPVendeurs></PPVendeurs>
</dataroot>
