<?xml version="1.0" standalone="yes"?>
<dataroot xmlns:od="urn:schemas-microsoft-com:officedata">
<PPVendeursClients><NoVendeur>11</NoVendeur><NoClient>10001</NoClient><DateVisite>2019-01-12&#160;10:00</DateVisite></PPVendeursClients>
<PPVendeursClients><NoVendeur>11</NoVendeur><NoClient>10006</NoClient><DateVisite>2019-01-12&#160;10:02</DateVisite></PPVendeursClients>
<PPVendeursClients><NoVendeur>11</NoVendeur><NoClient>10010</NoClient><DateVisite>2019-01-12&#160;10:05</DateVisite></PPVendeursClients>
<PPVendeursClients><NoVendeur>11</NoVendeur><NoClient>10011</NoClient><DateVisite>2019-01-12&#160;11:01</DateVisite></PPVendeursClients>
<PPVendeursClients><NoVendeur>11</NoVendeur><NoClient>10015</NoClient><DateVisite>2019-01-12&#160;11:03</DateVisite></PPVendeursClients>
<PPVendeursClients><NoVendeur>11</NoVendeur><NoClient>10017</NoClient><DateVisite>2019-01-12&#160;11:04</DateVisite></PPVendeursClients>
<PPVendeursClients><NoVendeur>11</NoVendeur><NoClient>10001</NoClient><DateVisite>2019-01-13&#160;13:03</DateVisite></PPVendeursClients>
<PPVendeursClients><NoVendeur>11</NoVendeur><NoClient>10006</NoClient><DateVisite>2019-01-13&#160;13:15</DateVisite></PPVendeursClients>
<PPVendeursClients><NoVendeur>11</NoVendeur><NoClient>10010</NoClient><DateVisite>2019-01-13&#160;14:15</DateVisite></PPVendeursClients>
<PPVendeursClients><NoVendeur>11</NoVendeur><NoClient>10011</NoClient><DateVisite>2019-01-13&#160;14:18</DateVisite></PPVendeursClients>
<PPVendeursClients><NoVendeur>11</NoVendeur><NoClient>10015</NoClient><DateVisite>2019-01-13&#160;15:05</DateVisite></PPVendeursClients>
<PPVendeursClients><NoVendeur>11</NoVendeur><NoClient>10017</NoClient><DateVisite>2019-01-13&#160;15:15</DateVisite></PPVendeursClients>
<PPVendeursClients><NoVendeur>12</NoVendeur><NoClient>10019</NoClient><DateVisite>2019-01-17&#160;18:06</DateVisite></PPVendeursClients>
<PPVendeursClients><NoVendeur>11</NoVendeur><NoClient>10001</NoClient><DateVisite>2019-01-19&#160;10:01</DateVisite></PPVendeursClients>
<PPVendeursClients><NoVendeur>11</NoVendeur><NoClient>10010</NoClient><DateVisite>2019-01-19&#160;10:08</DateVisite></PPVendeursClients>
<PPVendeursClients><NoVendeur>11</NoVendeur><NoClient>10015</NoClient><DateVisite>2019-01-19&#160;10:09</DateVisite></PPVendeursClients>
<PPVendeursClients><NoVendeur>12</NoVendeur><NoClient>10001</NoClient><DateVisite>2019-01-19&#160;10:14</DateVisite></PPVendeursClients>
<PPVendeursClients><NoVendeur>12</NoVendeur><NoClient>10002</NoClient><DateVisite>2019-01-19&#160;10:20</DateVisite></PPVendeursClients>
<PPVendeursClients><NoVendeur>12</NoVendeur><NoClient>10004</NoClient><DateVisite>2019-01-19&#160;10:22</DateVisite></PPVendeursClients>
<PPVendeursClients><NoVendeur>12</NoVendeur><NoClient>10006</NoClient><DateVisite>2019-01-19&#160;10:25</DateVisite></PPVendeursClients>
<PPVendeursClients><NoVendeur>12</NoVendeur><NoClient>10008</NoClient><DateVisite>2019-01-19&#160;11:03</DateVisite></PPVendeursClients>
<PPVendeursClients><NoVendeur>12</NoVendeur><NoClient>10010</NoClient><DateVisite>2019-01-19&#160;11:05</DateVisite></PPVendeursClients>
<PPVendeursClients><NoVendeur>12</NoVendeur><NoClient>10014</NoClient><DateVisite>2019-01-19&#160;11:06</DateVisite></PPVendeursClients>
<PPVendeursClients><NoVendeur>12</NoVendeur><NoClient>10015</NoClient><DateVisite>2019-01-19&#160;11:11</DateVisite></PPVendeursClients>
<PPVendeursClients><NoVendeur>12</NoVendeur><NoClient>10016</NoClient><DateVisite>2019-01-19&#160;11:17</DateVisite></PPVendeursClients>
<PPVendeursClients><NoVendeur>12</NoVendeur><NoClient>10018</NoClient><DateVisite>2019-01-19&#160;11:24</DateVisite></PPVendeursClients>
<PPVendeursClients><NoVendeur>12</NoVendeur><NoClient>10019</NoClient><DateVisite>2019-01-19&#160;11:32</DateVisite></PPVendeursClients>
<PPVendeursClients><NoVendeur>12</NoVendeur><NoClient>10020</NoClient><DateVisite>2019-01-19&#160;13:04</DateVisite></PPVendeursClients>
<PPVendeursClients><NoVendeur>14</NoVendeur><NoClient>10004</NoClient><DateVisite>2019-01-19&#160;13:07</DateVisite></PPVendeursClients>
<PPVendeursClients><NoVendeur>14</NoVendeur><NoClient>10011</NoClient><DateVisite>2019-01-19&#160;13:09</DateVisite></PPVendeursClients>
<PPVendeursClients><NoVendeur>14</NoVendeur><NoClient>10014</NoClient><DateVisite>2019-01-19&#160;13:14</DateVisite></PPVendeursClients>
<PPVendeursClients><NoVendeur>14</NoVendeur><NoClient>10015</NoClient><DateVisite>2019-01-19&#160;13:15</DateVisite></PPVendeursClients>
<PPVendeursClients><NoVendeur>14</NoVendeur><NoClient>10017</NoClient><DateVisite>2019-01-19&#160;13:23</DateVisite></PPVendeursClients>
<PPVendeursClients><NoVendeur>14</NoVendeur><NoClient>10019</NoClient><DateVisite>2019-01-19&#160;13:29</DateVisite></PPVendeursClients>
<PPVendeursClients><NoVendeur>11</NoVendeur><NoClient>10010</NoClient><DateVisite>2019-01-20&#160;13:09</DateVisite></PPVendeursClients>
<PPVendeursClients><NoVendeur>11</NoVendeur><NoClient>10015</NoClient><DateVisite>2019-01-20&#160;13:17</DateVisite></PPVendeursClients>
<PPVendeursClients><NoVendeur>12</NoVendeur><NoClient>10001</NoClient><DateVisite>2019-01-20&#160;13:18</DateVisite></PPVendeursClients>
<PPVendeursClients><NoVendeur>12</NoVendeur><NoClient>10002</NoClient><DateVisite>2019-01-20&#160;13:23</DateVisite></PPVendeursClients>
<PPVendeursClients><NoVendeur>12</NoVendeur><NoClient>10004</NoClient><DateVisite>2019-01-20&#160;13:26</DateVisite></PPVendeursClients>
<PPVendeursClients><NoVendeur>12</NoVendeur><NoClient>10006</NoClient><DateVisite>2019-01-20&#160;13:32</DateVisite></PPVendeursClients>
<PPVendeursClients><NoVendeur>12</NoVendeur><NoClient>10008</NoClient><DateVisite>2019-01-20&#160;13:33</DateVisite></PPVendeursClients>
<PPVendeursClients><NoVendeur>12</NoVendeur><NoClient>10010</NoClient><DateVisite>2019-01-20&#160;14:06</DateVisite></PPVendeursClients>
<PPVendeursClients><NoVendeur>12</NoVendeur><NoClient>10014</NoClient><DateVisite>2019-01-20&#160;14:09</DateVisite></PPVendeursClients>
<PPVendeursClients><NoVendeur>12</NoVendeur><NoClient>10016</NoClient><DateVisite>2019-01-20&#160;14:17</DateVisite></PPVendeursClients>
<PPVendeursClients><NoVendeur>12</NoVendeur><NoClient>10018</NoClient><DateVisite>2019-01-20&#160;14:25</DateVisite></PPVendeursClients>
<PPVendeursClients><NoVendeur>12</NoVendeur><NoClient>10019</NoClient><DateVisite>2019-01-20&#160;14:33</DateVisite></PPVendeursClients>
<PPVendeursClients><NoVendeur>12</NoVendeur><NoClient>10020</NoClient><DateVisite>2019-01-20&#160;14:38</DateVisite></PPVendeursClients>
<PPVendeursClients><NoVendeur>14</NoVendeur><NoClient>10004</NoClient><DateVisite>2019-01-20&#160;14:45</DateVisite></PPVendeursClients>
<PPVendeursClients><NoVendeur>14</NoVendeur><NoClient>10011</NoClient><DateVisite>2019-01-20&#160;14:49</DateVisite></PPVendeursClients>
<PPVendeursClients><NoVendeur>14</NoVendeur><NoClient>10014</NoClient><DateVisite>2019-01-20&#160;15:02</DateVisite></PPVendeursClients>
<PPVendeursClients><NoVendeur>14</NoVendeur><NoClient>10015</NoClient><DateVisite>2019-01-20&#160;15:05</DateVisite></PPVendeursClients>
<PPVendeursClients><NoVendeur>14</NoVendeur><NoClient>10017</NoClient><DateVisite>2019-01-20&#160;15:13</DateVisite></PPVendeursClients>
<PPVendeursClients><NoVendeur>14</NoVendeur><NoClient>10019</NoClient><DateVisite>2019-01-20&#160;15:19</DateVisite></PPVendeursClients>
<PPVendeursClients><NoVendeur>16</NoVendeur><NoClient>10004</NoClient><DateVisite>2019-01-20&#160;15:25</DateVisite></PPVendeursClients>
<PPVendeursClients><NoVendeur>16</NoVendeur><NoClient>10006</NoClient><DateVisite>2019-01-20&#160;15:32</DateVisite></PPVendeursClients>
<PPVendeursClients><NoVendeur>16</NoVendeur><NoClient>10014</NoClient><DateVisite>2019-01-20&#160;15:38</DateVisite></PPVendeursClients>
<PPVendeursClients><NoVendeur>16</NoVendeur><NoClient>10015</NoClient><DateVisite>2019-01-20&#160;15:41</DateVisite></PPVendeursClients>
<PPVendeursClients><NoVendeur>16</NoVendeur><NoClient>10020</NoClient><DateVisite>2019-01-20&#160;15:49</DateVisite></PPVendeursClients>
<PPVendeursClients><NoVendeur>16</NoVendeur><NoClient>10014</NoClient><DateVisite>2019-01-21&#160;18:01</DateVisite></PPVendeursClients>
<PPVendeursClients><NoVendeur>14</NoVendeur><NoClient>10004</NoClient><DateVisite>2019-01-21&#160;18:24</DateVisite></PPVendeursClients>
<PPVendeursClients><NoVendeur>11</NoVendeur><NoClient>10001</NoClient><DateVisite>2019-01-23&#160;17:07</DateVisite></PPVendeursClients>
<PPVendeursClients><NoVendeur>14</NoVendeur><NoClient>10004</NoClient><DateVisite>2019-01-23&#160;18:02</DateVisite></PPVendeursClients>
<PPVendeursClients><NoVendeur>12</NoVendeur><NoClient>10019</NoClient><DateVisite>2019-01-24&#160;18:01</DateVisite></PPVendeursClients>
<PPVendeursClients><NoVendeur>12</NoVendeur><NoClient>10001</NoClient><DateVisite>2019-01-25&#160;19:01</DateVisite></PPVendeursClients>
<PPVendeursClients><NoVendeur>12</NoVendeur><NoClient>10004</NoClient><DateVisite>2019-01-26&#160;10:00</DateVisite></PPVendeursClients>
<PPVendeursClients><NoVendeur>11</NoVendeur><NoClient>10010</NoClient><DateVisite>2019-01-26&#160;10:09</DateVisite></PPVendeursClients>
<PPVendeursClients><NoVendeur>12</NoVendeur><NoClient>10001</NoClient><DateVisite>2019-01-26&#160;10:17</DateVisite></PPVendeursClients>
<PPVendeursClients><NoVendeur>12</NoVendeur><NoClient>10002</NoClient><DateVisite>2019-01-26&#160;10:24</DateVisite></PPVendeursClients>
<PPVendeursClients><NoVendeur>12</NoVendeur><NoClient>10008</NoClient><DateVisite>2019-01-26&#160;10:39</DateVisite></PPVendeursClients>
<PPVendeursClients><NoVendeur>12</NoVendeur><NoClient>10010</NoClient><DateVisite>2019-01-26&#160;11:03</DateVisite></PPVendeursClients>
<PPVendeursClients><NoVendeur>12</NoVendeur><NoClient>10014</NoClient><DateVisite>2019-01-26&#160;11:11</DateVisite></PPVendeursClients>
<PPVendeursClients><NoVendeur>12</NoVendeur><NoClient>10018</NoClient><DateVisite>2019-01-26&#160;11:12</DateVisite></PPVendeursClients>
<PPVendeursClients><NoVendeur>12</NoVendeur><NoClient>10019</NoClient><DateVisite>2019-01-26&#160;11:15</DateVisite></PPVendeursClients>
<PPVendeursClients><NoVendeur>12</NoVendeur><NoClient>10020</NoClient><DateVisite>2019-01-26&#160;11:19</DateVisite></PPVendeursClients>
<PPVendeursClients><NoVendeur>14</NoVendeur><NoClient>10004</NoClient><DateVisite>2019-01-26&#160;11:20</DateVisite></PPVendeursClients>
<PPVendeursClients><NoVendeur>14</NoVendeur><NoClient>10014</NoClient><DateVisite>2019-01-26&#160;13:07</DateVisite></PPVendeursClients>
<PPVendeursClients><NoVendeur>14</NoVendeur><NoClient>10015</NoClient><DateVisite>2019-01-26&#160;13:09</DateVisite></PPVendeursClients>
<PPVendeursClients><NoVendeur>14</NoVendeur><NoClient>10017</NoClient><DateVisite>2019-01-26&#160;13:17</DateVisite></PPVendeursClients>
<PPVendeursClients><NoVendeur>14</NoVendeur><NoClient>10019</NoClient><DateVisite>2019-01-26&#160;13:23</DateVisite></PPVendeursClients>
<PPVendeursClients><NoVendeur>16</NoVendeur><NoClient>10014</NoClient><DateVisite>2019-01-26&#160;13:29</DateVisite></PPVendeursClients>
<PPVendeursClients><NoVendeur>16</NoVendeur><NoClient>10004</NoClient><DateVisite>2019-01-26&#160;13:34</DateVisite></PPVendeursClients>
<PPVendeursClients><NoVendeur>16</NoVendeur><NoClient>10015</NoClient><DateVisite>2019-01-26&#160;13:36</DateVisite></PPVendeursClients>
<PPVendeursClients><NoVendeur>16</NoVendeur><NoClient>10020</NoClient><DateVisite>2019-01-26&#160;13:40</DateVisite></PPVendeursClients>
<PPVendeursClients><NoVendeur>11</NoVendeur><NoClient>10010</NoClient><DateVisite>2019-01-27&#160;13:06</DateVisite></PPVendeursClients>
<PPVendeursClients><NoVendeur>12</NoVendeur><NoClient>10001</NoClient><DateVisite>2019-01-27&#160;13:11</DateVisite></PPVendeursClients>
<PPVendeursClients><NoVendeur>12</NoVendeur><NoClient>10002</NoClient><DateVisite>2019-01-27&#160;13:15</DateVisite></PPVendeursClients>
<PPVendeursClients><NoVendeur>12</NoVendeur><NoClient>10004</NoClient><DateVisite>2019-01-27&#160;13:19</DateVisite></PPVendeursClients>
<PPVendeursClients><NoVendeur>12</NoVendeur><NoClient>10008</NoClient><DateVisite>2019-01-27&#160;13:21</DateVisite></PPVendeursClients>
<PPVendeursClients><NoVendeur>12</NoVendeur><NoClient>10014</NoClient><DateVisite>2019-01-27&#160;14:04</DateVisite></PPVendeursClients>
<PPVendeursClients><NoVendeur>12</NoVendeur><NoClient>10018</NoClient><DateVisite>2019-01-27&#160;14:05</DateVisite></PPVendeursClients>
<PPVendeursClients><NoVendeur>12</NoVendeur><NoClient>10019</NoClient><DateVisite>2019-01-27&#160;14:11</DateVisite></PPVendeursClients>
<PPVendeursClients><NoVendeur>12</NoVendeur><NoClient>10020</NoClient><DateVisite>2019-01-27&#160;14:18</DateVisite></PPVendeursClients>
<PPVendeursClients><NoVendeur>14</NoVendeur><NoClient>10004</NoClient><DateVisite>2019-01-27&#160;14:20</DateVisite></PPVendeursClients>
<PPVendeursClients><NoVendeur>14</NoVendeur><NoClient>10014</NoClient><DateVisite>2019-01-27&#160;15:07</DateVisite></PPVendeursClients>
<PPVendeursClients><NoVendeur>16</NoVendeur><NoClient>10001</NoClient><DateVisite>2019-01-27&#160;15:13</DateVisite></PPVendeursClients>
<PPVendeursClients><NoVendeur>16</NoVendeur><NoClient>10004</NoClient><DateVisite>2019-01-27&#160;15:16</DateVisite></PPVendeursClients>
<PPVendeursClients><NoVendeur>16</NoVendeur><NoClient>10014</NoClient><DateVisite>2019-01-27&#160;15:26</DateVisite></PPVendeursClients>
<PPVendeursClients><NoVendeur>16</NoVendeur><NoClient>10020</NoClient><DateVisite>2019-01-27&#160;15:27</DateVisite></PPVendeursClients>
<PPVendeursClients><NoVendeur>16</NoVendeur><NoClient>10001</NoClient><DateVisite>2019-01-28&#160;17:33</DateVisite></PPVendeursClients>
<PPVendeursClients><NoVendeur>16</NoVendeur><NoClient>10014</NoClient><DateVisite>2019-01-28&#160;17:39</DateVisite></PPVendeursClients>
<PPVendeursClients><NoVendeur>16</NoVendeur><NoClient>10020</NoClient><DateVisite>2019-01-28&#160;17:44</DateVisite></PPVendeursClients>
<PPVendeursClients><NoVendeur>14</NoVendeur><NoClient>10004</NoClient><DateVisite>2019-01-30&#160;18:01</DateVisite></PPVendeursClients>
<PPVendeursClients><NoVendeur>12</NoVendeur><NoClient>10020</NoClient><DateVisite>2019-01-30&#160;18:16</DateVisite></PPVendeursClients>
<PPVendeursClients><NoVendeur>12</NoVendeur><NoClient>10019</NoClient><DateVisite>2019-01-31&#160;18:02</DateVisite></PPVendeursClients>
<PPVendeursClients><NoVendeur>12</NoVendeur><NoClient>10010</NoClient><DateVisite>2019-02-01&#160;19:06</DateVisite></PPVendeursClients>
<PPVendeursClients><NoVendeur>12</NoVendeur><NoClient>10016</NoClient><DateVisite>2019-02-01&#160;19:08</DateVisite></PPVendeursClients>
<PPVendeursClients><NoVendeur>11</NoVendeur><NoClient>10001</NoClient><DateVisite>2019-02-02&#160;10:02</DateVisite></PPVendeursClients>
<PPVendeursClients><NoVendeur>12</NoVendeur><NoClient>10019</NoClient><DateVisite>2019-02-02&#160;10:09</DateVisite></PPVendeursClients>
<PPVendeursClients><NoVendeur>11</NoVendeur><NoClient>10010</NoClient><DateVisite>2019-02-02&#160;10:15</DateVisite></PPVendeursClients>
<PPVendeursClients><NoVendeur>12</NoVendeur><NoClient>10001</NoClient><DateVisite>2019-02-02&#160;11:06</DateVisite></PPVendeursClients>
<PPVendeursClients><NoVendeur>12</NoVendeur><NoClient>10004</NoClient><DateVisite>2019-02-02&#160;11:09</DateVisite></PPVendeursClients>
<PPVendeursClients><NoVendeur>12</NoVendeur><NoClient>10018</NoClient><DateVisite>2019-02-02&#160;11:12</DateVisite></PPVendeursClients>
<PPVendeursClients><NoVendeur>12</NoVendeur><NoClient>10020</NoClient><DateVisite>2019-02-02&#160;13:05</DateVisite></PPVendeursClients>
<PPVendeursClients><NoVendeur>14</NoVendeur><NoClient>10004</NoClient><DateVisite>2019-02-02&#160;13:12</DateVisite></PPVendeursClients>
<PPVendeursClients><NoVendeur>14</NoVendeur><NoClient>10014</NoClient><DateVisite>2019-02-02&#160;13:13</DateVisite></PPVendeursClients>
<PPVendeursClients><NoVendeur>16</NoVendeur><NoClient>10014</NoClient><DateVisite>2019-02-02&#160;13:21</DateVisite></PPVendeursClients>
<PPVendeursClients><NoVendeur>16</NoVendeur><NoClient>10020</NoClient><DateVisite>2019-02-02&#160;13:22</DateVisite></PPVendeursClients>
<PPVendeursClients><NoVendeur>14</NoVendeur><NoClient>10019</NoClient><DateVisite>2019-02-03&#160;13:03</DateVisite></PPVendeursClients>
<PPVendeursClients><NoVendeur>12</NoVendeur><NoClient>10001</NoClient><DateVisite>2019-02-03&#160;13:04</DateVisite></PPVendeursClients>
<PPVendeursClients><NoVendeur>12</NoVendeur><NoClient>10004</NoClient><DateVisite>2019-02-03&#160;13:07</DateVisite></PPVendeursClients>
<PPVendeursClients><NoVendeur>12</NoVendeur><NoClient>10019</NoClient><DateVisite>2019-02-03&#160;14:04</DateVisite></PPVendeursClients>
<PPVendeursClients><NoVendeur>12</NoVendeur><NoClient>10020</NoClient><DateVisite>2019-02-03&#160;14:06</DateVisite></PPVendeursClients>
<PPVendeursClients><NoVendeur>14</NoVendeur><NoClient>10004</NoClient><DateVisite>2019-02-03&#160;14:10</DateVisite></PPVendeursClients>
<PPVendeursClients><NoVendeur>14</NoVendeur><NoClient>10014</NoClient><DateVisite>2019-02-03&#160;15:10</DateVisite></PPVendeursClients>
<PPVendeursClients><NoVendeur>16</NoVendeur><NoClient>10014</NoClient><DateVisite>2019-02-03&#160;15:14</DateVisite></PPVendeursClients>
<PPVendeursClients><NoVendeur>16</NoVendeur><NoClient>10020</NoClient><DateVisite>2019-02-03&#160;15:26</DateVisite></PPVendeursClients>
<PPVendeursClients><NoVendeur>18</NoVendeur><NoClient>10021</NoClient><DateVisite>2019-02-20&#160;18:11</DateVisite></PPVendeursClients>
<PPVendeursClients><NoVendeur>20</NoVendeur><NoClient>10025</NoClient><DateVisite>2019-02-21&#160;19:45</DateVisite></PPVendeursClients>
<PPVendeursClients><NoVendeur>19</NoVendeur><NoClient>10023</NoClient><DateVisite>2019-02-22&#160;20:15</DateVisite></PPVendeursClients>
<PPVendeursClients><NoVendeur>20</NoVendeur><NoClient>10024</NoClient><DateVisite>2019-02-23&#160;11:02</DateVisite></PPVendeursClients>
<PPVendeursClients><NoVendeur>20</NoVendeur><NoClient>10025</NoClient><DateVisite>2019-02-24&#160;14:05</DateVisite></PPVendeursClients>
<PPVendeursClients></PPVendeursClients>
</dataroot>
