<?xml version="1.0" standalone="yes"?>
<dataroot xmlns:od="urn:schemas-microsoft-com:officedata">
<PPVendeurs><NoVendeur>11</NoVendeur><NomAffaires>Les&#160;aubaines&#160;Vincent</NomAffaires><Nom>Vincent</Nom><Prenom>George</Prenom><Rue>324&#160;Rue&#160;Marquette</Rue><Ville>Laval</Ville><Province>QC</Province><CodePostal>H7E2B5</CodePostal><Pays>Canada</Pays><Tel1>4503548575</Tel1><Tel2>NULL</Tel2><AdresseEmail>vendeur11@gmail.com</AdresseEmail><MotDePasse>Secret123</MotDePasse><PoidsMaxLivraison>500</PoidsMaxLivraison><LivraisonGratuite>35.00</LivraisonGratuite><Taxes>1</Taxes><Pourcentage>0.05</Pourcentage><Configuration>11.xml</Configuration><DateCreation>2019-01-01&#160;05:23</DateCreation><DateMAJ>2019-01-12&#160;05:49</DateMAJ><Statut>1</Statut></PPVendeurs>
<PPVendeurs><NoVendeur>12</NoVendeur><NomAffaires>Tony&#160;et&#160;fils</NomAffaires><Nom>Capicolo</Nom><Prenom>Tony</Prenom><Rue>24&#160;Avenue&#160;Fenelon</Rue><Ville>Dorval</Ville><Province>QC</Province><CodePostal>H9T7A2</CodePostal><Pays>Canada</Pays><Tel1>5146336473</Tel1><Tel2>NULL</Tel2><AdresseEmail>vendeur12@gmail.com</AdresseEmail><MotDePasse>Secret123</MotDePasse><PoidsMaxLivraison>500</PoidsMaxLivraison><LivraisonGratuite>50.00</LivraisonGratuite><Taxes>1</Taxes><Pourcentage>0.15</Pourcentage><Configuration>12.xml</Configuration><DateCreation>2019-01-03&#160;07:45</DateCreation><DateMAJ>2019-01-07&#160;09:05</DateMAJ><Statut>1</Statut></PPVendeurs>
<PPVendeurs><NoVendeur>13</NoVendeur><NomAffaires>Chez&#160;Pamela</NomAffaires><Nom>Jefferson</Nom><Prenom>Pamela</Prenom><Rue>3&#160;Rue&#160;Deschamps</Rue><Ville>Rosemère</Ville><Province>QC</Province><CodePostal>H7Y8S9</CodePostal><Pays>Canada</Pays><Tel1>5147773847</Tel1><Tel2>4505658849</Tel2><AdresseEmail>vendeur13@gmail.com</AdresseEmail><MotDePasse>Secret123</MotDePasse><PoidsMaxLivraison>75</PoidsMaxLivraison><LivraisonGratuite>100.00</LivraisonGratuite><Taxes>1</Taxes><Pourcentage>NULL</Pourcentage><Configuration>13.xml</Configuration><DateCreation>2019-01-07&#160;09:15</DateCreation><DateMAJ>NULL</DateMAJ><Statut>NULL</Statut></PPVendeurs>
<PPVendeurs><NoVendeur>14</NoVendeur><NomAffaires>Buy&#160;Right</NomAffaires><Nom>Right</Nom><Prenom>Amanda</Prenom><Rue>195&#160;Buffalo&#160;Street</Rue><Ville>Kingston</Ville><Province>ON</Province><CodePostal>K0H1Y0</CodePostal><Pays>Canada</Pays><Tel1>6133496675</Tel1><Tel2>NULL</Tel2><AdresseEmail>vendeur14@gmail.com</AdresseEmail><MotDePasse>Secret123</MotDePasse><PoidsMaxLivraison>100</PoidsMaxLivraison><LivraisonGratuite>75.00</LivraisonGratuite><Taxes>1</Taxes><Pourcentage>0.1</Pourcentage><Configuration>14.xml</Configuration><DateCreation>2019-01-11&#160;06:17</DateCreation><DateMAJ>2019-01-14&#160;09:03</DateMAJ><Statut>1</Statut></PPVendeurs>
<PPVendeurs><NoVendeur>15</NoVendeur><NomAffaires>Au&#160;royaume&#160;d'Arthur</NomAffaires><Nom>Tremblay</Nom><Prenom>Arthur</Prenom><Rue>4&#160;Avenue&#160;Champlain</Rue><Ville>Candiac</Ville><Province>QC</Province><CodePostal>J4R1C9</CodePostal><Pays>Canada</Pays><Tel1>4508889483</Tel1><Tel2>5149938373</Tel2><AdresseEmail>vendeur15@gmail.com</AdresseEmail><MotDePasse>Secret123</MotDePasse><PoidsMaxLivraison>30</PoidsMaxLivraison><LivraisonGratuite>100.00</LivraisonGratuite><Taxes>1</Taxes><Pourcentage>NULL</Pourcentage><Configuration>15.xml</Configuration><DateCreation>2019-01-16&#160;11:48</DateCreation><DateMAJ>NULL</DateMAJ><Statut>NULL</Statut></PPVendeurs>
<PPVendeurs><NoVendeur>16</NoVendeur><NomAffaires>À&#160;bon&#160;prix</NomAffaires><Nom>Farant</Nom><Prenom>Charles</Prenom><Rue>432&#160;Avenue&#160;Dorval</Rue><Ville>Dorval</Ville><Province>QC</Province><CodePostal>H9S1A2</CodePostal><Pays>Canada</Pays><Tel1>5146337748</Tel1><Tel2>NULL</Tel2><AdresseEmail>vendeur16@gmail.com</AdresseEmail><MotDePasse>Secret123</MotDePasse><PoidsMaxLivraison>40</PoidsMaxLivraison><LivraisonGratuite>50.00</LivraisonGratuite><Taxes>1</Taxes><Pourcentage>0.05</Pourcentage><Configuration>16.xml</Configuration><DateCreation>2019-01-17&#160;08:34</DateCreation><DateMAJ>2019-01-25&#160;08:45</DateMAJ><Statut>1</Statut></PPVendeurs>
<PPVendeurs><NoVendeur>17</NoVendeur><NomAffaires>Good&#160;Price</NomAffaires><Nom>Mcarthy</Nom><Prenom>John</Prenom><Rue>857&#160;Captain&#160;Avenue</Rue><Ville>Moncton</Ville><Province>NB</Province><CodePostal>E6H1J8</CodePostal><Pays>Canada</Pays><Tel1>5066378822</Tel1><Tel2>NULL</Tel2><AdresseEmail>vendeur17@gmail.com</AdresseEmail><MotDePasse>Secret123</MotDePasse><PoidsMaxLivraison>50</PoidsMaxLivraison><LivraisonGratuite>75.00</LivraisonGratuite><Taxes>1</Taxes><Pourcentage>0.1</Pourcentage><Configuration>17.xml</Configuration><DateCreation>2019-01-28&#160;05:52</DateCreation><DateMAJ>2019-01-28&#160;09:07</DateMAJ><Statut>1</Statut></PPVendeurs>
<PPVendeurs><NoVendeur>18</NoVendeur><NomAffaires>Imprimantes&#160;à&#160;bas&#160;prix</NomAffaires><Nom>Brodeur</Nom><Prenom>Jean-Luc</Prenom><Rue>747&#160;Saint-Germain</Rue><Ville>Saint-Laurent</Ville><Province>QC</Province><CodePostal>H4L3P8</CodePostal><Pays>Canada</Pays><Tel1>5147487872</Tel1><Tel2>5149921092</Tel2><AdresseEmail>jeanluc.brodeur@gmail.com</AdresseEmail><MotDePasse>1234</MotDePasse><PoidsMaxLivraison>50</PoidsMaxLivraison><LivraisonGratuite>1000.00</LivraisonGratuite><Taxes>1</Taxes><Pourcentage>0.1</Pourcentage><Configuration>18.xml</Configuration><DateCreation>2018-11-30&#160;00:00</DateCreation><DateMAJ>2018-12-03&#160;00:00</DateMAJ><Statut>1</Statut></PPVendeurs>
<PPVendeurs><NoVendeur>19</NoVendeur><NomAffaires>Vendeur1</NomAffaires><Nom>Vendeur1</Nom><Prenom>Vendeur1</Prenom><Rue>2685&#160;Boulevard&#160;Pitfield</Rue><Ville>Saint-Laurent</Ville><Province>QC</Province><CodePostal>H4S1T2</CodePostal><Pays>Canada</Pays><Tel1>5142860521</Tel1><Tel2>NULL</Tel2><AdresseEmail>v1@gmail.com</AdresseEmail><MotDePasse>1234</MotDePasse><PoidsMaxLivraison>60</PoidsMaxLivraison><LivraisonGratuite>50.00</LivraisonGratuite><Taxes>1</Taxes><Pourcentage>0.05</Pourcentage><Configuration>19.xml</Configuration><DateCreation>2018-12-07&#160;00:00</DateCreation><DateMAJ>2018-12-10&#160;00:00</DateMAJ><Statut>1</Statut></PPVendeurs>
<PPVendeurs><NoVendeur>20</NoVendeur><NomAffaires>Vendeur2</NomAffaires><Nom>Vendeur2</Nom><Prenom>Vendeur2</Prenom><Rue>3119&#160;Rue&#160;Monsabré</Rue><Ville>Montréal</Ville><Province>QC</Province><CodePostal>H1N2L3</CodePostal><Pays>Canada</Pays><Tel1>5145061294</Tel1><Tel2>NULL</Tel2><AdresseEmail>v2@gmail.com</AdresseEmail><MotDePasse>1234</MotDePasse><PoidsMaxLivraison>70</PoidsMaxLivraison><LivraisonGratuite>35.00</LivraisonGratuite><Taxes>1</Taxes><Pourcentage>0.15</Pourcentage><Configuration>20.xml</Configuration><DateCreation>2018-12-14&#160;00:00</DateCreation><DateMAJ>2018-12-17&#160;00:00</DateMAJ><Statut>1</Statut></PPVendeurs>
<PPVendeurs></PPVendeurs>
</dataroot>
