<?xml version="1.0" standalone="yes"?>
<dataroot xmlns:od="urn:schemas-microsoft-com:officedata">
<PPVendeursClients><NoVendeur>11</NoVendeur><NoClient>101</NoClient><DateVisite>1/12/2019&#160;10:00</DateVisite></PPVendeursClients>
<PPVendeursClients><NoVendeur>11</NoVendeur><NoClient>106</NoClient><DateVisite>1/12/2019&#160;10:02</DateVisite></PPVendeursClients>
<PPVendeursClients><NoVendeur>11</NoVendeur><NoClient>110</NoClient><DateVisite>1/12/2019&#160;10:05</DateVisite></PPVendeursClients>
<PPVendeursClients><NoVendeur>11</NoVendeur><NoClient>111</NoClient><DateVisite>1/12/2019&#160;11:01</DateVisite></PPVendeursClients>
<PPVendeursClients><NoVendeur>11</NoVendeur><NoClient>115</NoClient><DateVisite>1/12/2019&#160;11:03</DateVisite></PPVendeursClients>
<PPVendeursClients><NoVendeur>11</NoVendeur><NoClient>117</NoClient><DateVisite>1/12/2019&#160;11:04</DateVisite></PPVendeursClients>
<PPVendeursClients><NoVendeur>11</NoVendeur><NoClient>101</NoClient><DateVisite>1/13/2019&#160;13:03</DateVisite></PPVendeursClients>
<PPVendeursClients><NoVendeur>11</NoVendeur><NoClient>106</NoClient><DateVisite>1/13/2019&#160;13:15</DateVisite></PPVendeursClients>
<PPVendeursClients><NoVendeur>11</NoVendeur><NoClient>110</NoClient><DateVisite>1/13/2019&#160;14:15</DateVisite></PPVendeursClients>
<PPVendeursClients><NoVendeur>11</NoVendeur><NoClient>111</NoClient><DateVisite>1/13/2019&#160;14:18</DateVisite></PPVendeursClients>
<PPVendeursClients><NoVendeur>11</NoVendeur><NoClient>115</NoClient><DateVisite>1/13/2019&#160;15:05</DateVisite></PPVendeursClients>
<PPVendeursClients><NoVendeur>11</NoVendeur><NoClient>117</NoClient><DateVisite>1/13/2019&#160;15:15</DateVisite></PPVendeursClients>
<PPVendeursClients><NoVendeur>12</NoVendeur><NoClient>119</NoClient><DateVisite>1/17/2019&#160;18:06</DateVisite></PPVendeursClients>
<PPVendeursClients><NoVendeur>11</NoVendeur><NoClient>101</NoClient><DateVisite>1/19/2019&#160;10:01</DateVisite></PPVendeursClients>
<PPVendeursClients><NoVendeur>11</NoVendeur><NoClient>110</NoClient><DateVisite>1/19/2019&#160;10:08</DateVisite></PPVendeursClients>
<PPVendeursClients><NoVendeur>11</NoVendeur><NoClient>115</NoClient><DateVisite>1/19/2019&#160;10:09</DateVisite></PPVendeursClients>
<PPVendeursClients><NoVendeur>12</NoVendeur><NoClient>101</NoClient><DateVisite>1/19/2019&#160;10:14</DateVisite></PPVendeursClients>
<PPVendeursClients><NoVendeur>12</NoVendeur><NoClient>102</NoClient><DateVisite>1/19/2019&#160;10:20</DateVisite></PPVendeursClients>
<PPVendeursClients><NoVendeur>12</NoVendeur><NoClient>104</NoClient><DateVisite>1/19/2019&#160;10:22</DateVisite></PPVendeursClients>
<PPVendeursClients><NoVendeur>12</NoVendeur><NoClient>106</NoClient><DateVisite>1/19/2019&#160;10:25</DateVisite></PPVendeursClients>
<PPVendeursClients><NoVendeur>12</NoVendeur><NoClient>108</NoClient><DateVisite>1/19/2019&#160;11:03</DateVisite></PPVendeursClients>
<PPVendeursClients><NoVendeur>12</NoVendeur><NoClient>110</NoClient><DateVisite>1/19/2019&#160;11:05</DateVisite></PPVendeursClients>
<PPVendeursClients><NoVendeur>12</NoVendeur><NoClient>114</NoClient><DateVisite>1/19/2019&#160;11:06</DateVisite></PPVendeursClients>
<PPVendeursClients><NoVendeur>12</NoVendeur><NoClient>115</NoClient><DateVisite>1/19/2019&#160;11:11</DateVisite></PPVendeursClients>
<PPVendeursClients><NoVendeur>12</NoVendeur><NoClient>116</NoClient><DateVisite>1/19/2019&#160;11:17</DateVisite></PPVendeursClients>
<PPVendeursClients><NoVendeur>12</NoVendeur><NoClient>118</NoClient><DateVisite>1/19/2019&#160;11:24</DateVisite></PPVendeursClients>
<PPVendeursClients><NoVendeur>12</NoVendeur><NoClient>119</NoClient><DateVisite>1/19/2019&#160;11:32</DateVisite></PPVendeursClients>
<PPVendeursClients><NoVendeur>12</NoVendeur><NoClient>120</NoClient><DateVisite>1/19/2019&#160;13:04</DateVisite></PPVendeursClients>
<PPVendeursClients><NoVendeur>14</NoVendeur><NoClient>104</NoClient><DateVisite>1/19/2019&#160;13:07</DateVisite></PPVendeursClients>
<PPVendeursClients><NoVendeur>14</NoVendeur><NoClient>111</NoClient><DateVisite>1/19/2019&#160;13:09</DateVisite></PPVendeursClients>
<PPVendeursClients><NoVendeur>14</NoVendeur><NoClient>114</NoClient><DateVisite>1/19/2019&#160;13:14</DateVisite></PPVendeursClients>
<PPVendeursClients><NoVendeur>14</NoVendeur><NoClient>115</NoClient><DateVisite>1/19/2019&#160;13:15</DateVisite></PPVendeursClients>
<PPVendeursClients><NoVendeur>14</NoVendeur><NoClient>117</NoClient><DateVisite>1/19/2019&#160;13:23</DateVisite></PPVendeursClients>
<PPVendeursClients><NoVendeur>14</NoVendeur><NoClient>119</NoClient><DateVisite>1/19/2019&#160;13:29</DateVisite></PPVendeursClients>
<PPVendeursClients><NoVendeur>11</NoVendeur><NoClient>110</NoClient><DateVisite>1/20/2019&#160;13:09</DateVisite></PPVendeursClients>
<PPVendeursClients><NoVendeur>11</NoVendeur><NoClient>115</NoClient><DateVisite>1/20/2019&#160;13:17</DateVisite></PPVendeursClients>
<PPVendeursClients><NoVendeur>12</NoVendeur><NoClient>101</NoClient><DateVisite>1/20/2019&#160;13:18</DateVisite></PPVendeursClients>
<PPVendeursClients><NoVendeur>12</NoVendeur><NoClient>102</NoClient><DateVisite>1/20/2019&#160;13:23</DateVisite></PPVendeursClients>
<PPVendeursClients><NoVendeur>12</NoVendeur><NoClient>104</NoClient><DateVisite>1/20/2019&#160;13:26</DateVisite></PPVendeursClients>
<PPVendeursClients><NoVendeur>12</NoVendeur><NoClient>106</NoClient><DateVisite>1/20/2019&#160;13:32</DateVisite></PPVendeursClients>
<PPVendeursClients><NoVendeur>12</NoVendeur><NoClient>108</NoClient><DateVisite>1/20/2019&#160;13:33</DateVisite></PPVendeursClients>
<PPVendeursClients><NoVendeur>12</NoVendeur><NoClient>110</NoClient><DateVisite>1/20/2019&#160;14:06</DateVisite></PPVendeursClients>
<PPVendeursClients><NoVendeur>12</NoVendeur><NoClient>114</NoClient><DateVisite>1/20/2019&#160;14:09</DateVisite></PPVendeursClients>
<PPVendeursClients><NoVendeur>12</NoVendeur><NoClient>116</NoClient><DateVisite>1/20/2019&#160;14:17</DateVisite></PPVendeursClients>
<PPVendeursClients><NoVendeur>12</NoVendeur><NoClient>118</NoClient><DateVisite>1/20/2019&#160;14:25</DateVisite></PPVendeursClients>
<PPVendeursClients><NoVendeur>12</NoVendeur><NoClient>119</NoClient><DateVisite>1/20/2019&#160;14:33</DateVisite></PPVendeursClients>
<PPVendeursClients><NoVendeur>12</NoVendeur><NoClient>120</NoClient><DateVisite>1/20/2019&#160;14:38</DateVisite></PPVendeursClients>
<PPVendeursClients><NoVendeur>14</NoVendeur><NoClient>104</NoClient><DateVisite>1/20/2019&#160;14:45</DateVisite></PPVendeursClients>
<PPVendeursClients><NoVendeur>14</NoVendeur><NoClient>111</NoClient><DateVisite>1/20/2019&#160;14:49</DateVisite></PPVendeursClients>
<PPVendeursClients><NoVendeur>14</NoVendeur><NoClient>114</NoClient><DateVisite>1/20/2019&#160;15:02</DateVisite></PPVendeursClients>
<PPVendeursClients><NoVendeur>14</NoVendeur><NoClient>115</NoClient><DateVisite>1/20/2019&#160;15:05</DateVisite></PPVendeursClients>
<PPVendeursClients><NoVendeur>14</NoVendeur><NoClient>117</NoClient><DateVisite>1/20/2019&#160;15:13</DateVisite></PPVendeursClients>
<PPVendeursClients><NoVendeur>14</NoVendeur><NoClient>119</NoClient><DateVisite>1/20/2019&#160;15:19</DateVisite></PPVendeursClients>
<PPVendeursClients><NoVendeur>16</NoVendeur><NoClient>104</NoClient><DateVisite>1/20/2019&#160;15:25</DateVisite></PPVendeursClients>
<PPVendeursClients><NoVendeur>16</NoVendeur><NoClient>106</NoClient><DateVisite>1/20/2019&#160;15:32</DateVisite></PPVendeursClients>
<PPVendeursClients><NoVendeur>16</NoVendeur><NoClient>114</NoClient><DateVisite>1/20/2019&#160;15:38</DateVisite></PPVendeursClients>
<PPVendeursClients><NoVendeur>16</NoVendeur><NoClient>115</NoClient><DateVisite>1/20/2019&#160;15:41</DateVisite></PPVendeursClients>
<PPVendeursClients><NoVendeur>16</NoVendeur><NoClient>120</NoClient><DateVisite>1/20/2019&#160;15:49</DateVisite></PPVendeursClients>
<PPVendeursClients><NoVendeur>16</NoVendeur><NoClient>114</NoClient><DateVisite>1/21/2019&#160;18:01</DateVisite></PPVendeursClients>
<PPVendeursClients><NoVendeur>14</NoVendeur><NoClient>104</NoClient><DateVisite>1/21/2019&#160;18:24</DateVisite></PPVendeursClients>
<PPVendeursClients><NoVendeur>11</NoVendeur><NoClient>101</NoClient><DateVisite>1/23/2019&#160;17:07</DateVisite></PPVendeursClients>
<PPVendeursClients><NoVendeur>14</NoVendeur><NoClient>104</NoClient><DateVisite>1/23/2019&#160;18:02</DateVisite></PPVendeursClients>
<PPVendeursClients><NoVendeur>12</NoVendeur><NoClient>119</NoClient><DateVisite>1/24/2019&#160;18:01</DateVisite></PPVendeursClients>
<PPVendeursClients><NoVendeur>12</NoVendeur><NoClient>101</NoClient><DateVisite>1/25/2019&#160;19:01</DateVisite></PPVendeursClients>
<PPVendeursClients><NoVendeur>12</NoVendeur><NoClient>104</NoClient><DateVisite>1/26/2019&#160;10:00</DateVisite></PPVendeursClients>
<PPVendeursClients><NoVendeur>11</NoVendeur><NoClient>110</NoClient><DateVisite>1/26/2019&#160;10:09</DateVisite></PPVendeursClients>
<PPVendeursClients><NoVendeur>12</NoVendeur><NoClient>101</NoClient><DateVisite>1/26/2019&#160;10:17</DateVisite></PPVendeursClients>
<PPVendeursClients><NoVendeur>12</NoVendeur><NoClient>102</NoClient><DateVisite>1/26/2019&#160;10:24</DateVisite></PPVendeursClients>
<PPVendeursClients><NoVendeur>12</NoVendeur><NoClient>108</NoClient><DateVisite>1/26/2019&#160;10:39</DateVisite></PPVendeursClients>
<PPVendeursClients><NoVendeur>12</NoVendeur><NoClient>110</NoClient><DateVisite>1/26/2019&#160;11:03</DateVisite></PPVendeursClients>
<PPVendeursClients><NoVendeur>12</NoVendeur><NoClient>114</NoClient><DateVisite>1/26/2019&#160;11:11</DateVisite></PPVendeursClients>
<PPVendeursClients><NoVendeur>12</NoVendeur><NoClient>118</NoClient><DateVisite>1/26/2019&#160;11:12</DateVisite></PPVendeursClients>
<PPVendeursClients><NoVendeur>12</NoVendeur><NoClient>119</NoClient><DateVisite>1/26/2019&#160;11:15</DateVisite></PPVendeursClients>
<PPVendeursClients><NoVendeur>12</NoVendeur><NoClient>120</NoClient><DateVisite>1/26/2019&#160;11:19</DateVisite></PPVendeursClients>
<PPVendeursClients><NoVendeur>14</NoVendeur><NoClient>104</NoClient><DateVisite>1/26/2019&#160;11:20</DateVisite></PPVendeursClients>
<PPVendeursClients><NoVendeur>14</NoVendeur><NoClient>114</NoClient><DateVisite>1/26/2019&#160;13:07</DateVisite></PPVendeursClients>
<PPVendeursClients><NoVendeur>14</NoVendeur><NoClient>115</NoClient><DateVisite>1/26/2019&#160;13:09</DateVisite></PPVendeursClients>
<PPVendeursClients><NoVendeur>14</NoVendeur><NoClient>117</NoClient><DateVisite>1/26/2019&#160;13:17</DateVisite></PPVendeursClients>
<PPVendeursClients><NoVendeur>14</NoVendeur><NoClient>119</NoClient><DateVisite>1/26/2019&#160;13:23</DateVisite></PPVendeursClients>
<PPVendeursClients><NoVendeur>16</NoVendeur><NoClient>114</NoClient><DateVisite>1/26/2019&#160;13:29</DateVisite></PPVendeursClients>
<PPVendeursClients><NoVendeur>16</NoVendeur><NoClient>104</NoClient><DateVisite>1/26/2019&#160;13:34</DateVisite></PPVendeursClients>
<PPVendeursClients><NoVendeur>16</NoVendeur><NoClient>115</NoClient><DateVisite>1/26/2019&#160;13:36</DateVisite></PPVendeursClients>
<PPVendeursClients><NoVendeur>16</NoVendeur><NoClient>120</NoClient><DateVisite>1/26/2019&#160;13:40</DateVisite></PPVendeursClients>
<PPVendeursClients><NoVendeur>11</NoVendeur><NoClient>110</NoClient><DateVisite>1/27/2019&#160;13:06</DateVisite></PPVendeursClients>
<PPVendeursClients><NoVendeur>12</NoVendeur><NoClient>101</NoClient><DateVisite>1/27/2019&#160;13:11</DateVisite></PPVendeursClients>
<PPVendeursClients><NoVendeur>12</NoVendeur><NoClient>102</NoClient><DateVisite>1/27/2019&#160;13:15</DateVisite></PPVendeursClients>
<PPVendeursClients><NoVendeur>12</NoVendeur><NoClient>104</NoClient><DateVisite>1/27/2019&#160;13:19</DateVisite></PPVendeursClients>
<PPVendeursClients><NoVendeur>12</NoVendeur><NoClient>108</NoClient><DateVisite>1/27/2019&#160;13:21</DateVisite></PPVendeursClients>
<PPVendeursClients><NoVendeur>12</NoVendeur><NoClient>114</NoClient><DateVisite>1/27/2019&#160;14:04</DateVisite></PPVendeursClients>
<PPVendeursClients><NoVendeur>12</NoVendeur><NoClient>118</NoClient><DateVisite>1/27/2019&#160;14:05</DateVisite></PPVendeursClients>
<PPVendeursClients><NoVendeur>12</NoVendeur><NoClient>119</NoClient><DateVisite>1/27/2019&#160;14:11</DateVisite></PPVendeursClients>
<PPVendeursClients><NoVendeur>12</NoVendeur><NoClient>120</NoClient><DateVisite>1/27/2019&#160;14:18</DateVisite></PPVendeursClients>
<PPVendeursClients><NoVendeur>14</NoVendeur><NoClient>104</NoClient><DateVisite>1/27/2019&#160;14:20</DateVisite></PPVendeursClients>
<PPVendeursClients><NoVendeur>14</NoVendeur><NoClient>114</NoClient><DateVisite>1/27/2019&#160;15:07</DateVisite></PPVendeursClients>
<PPVendeursClients><NoVendeur>16</NoVendeur><NoClient>101</NoClient><DateVisite>1/27/2019&#160;15:13</DateVisite></PPVendeursClients>
<PPVendeursClients><NoVendeur>16</NoVendeur><NoClient>104</NoClient><DateVisite>1/27/2019&#160;15:16</DateVisite></PPVendeursClients>
<PPVendeursClients><NoVendeur>16</NoVendeur><NoClient>114</NoClient><DateVisite>1/27/2019&#160;15:26</DateVisite></PPVendeursClients>
<PPVendeursClients><NoVendeur>16</NoVendeur><NoClient>120</NoClient><DateVisite>1/27/2019&#160;15:27</DateVisite></PPVendeursClients>
<PPVendeursClients><NoVendeur>16</NoVendeur><NoClient>101</NoClient><DateVisite>1/28/2019&#160;17:33</DateVisite></PPVendeursClients>
<PPVendeursClients><NoVendeur>16</NoVendeur><NoClient>114</NoClient><DateVisite>1/28/2019&#160;17:39</DateVisite></PPVendeursClients>
<PPVendeursClients><NoVendeur>16</NoVendeur><NoClient>120</NoClient><DateVisite>1/28/2019&#160;17:44</DateVisite></PPVendeursClients>
<PPVendeursClients><NoVendeur>14</NoVendeur><NoClient>104</NoClient><DateVisite>1/30/2019&#160;18:01</DateVisite></PPVendeursClients>
<PPVendeursClients><NoVendeur>12</NoVendeur><NoClient>120</NoClient><DateVisite>1/30/2019&#160;18:16</DateVisite></PPVendeursClients>
<PPVendeursClients><NoVendeur>12</NoVendeur><NoClient>119</NoClient><DateVisite>1/31/2019&#160;18:02</DateVisite></PPVendeursClients>
<PPVendeursClients><NoVendeur>12</NoVendeur><NoClient>110</NoClient><DateVisite>2/1/2019&#160;19:06</DateVisite></PPVendeursClients>
<PPVendeursClients><NoVendeur>12</NoVendeur><NoClient>116</NoClient><DateVisite>2/1/2019&#160;19:08</DateVisite></PPVendeursClients>
<PPVendeursClients><NoVendeur>11</NoVendeur><NoClient>101</NoClient><DateVisite>2/2/2019&#160;10:02</DateVisite></PPVendeursClients>
<PPVendeursClients><NoVendeur>12</NoVendeur><NoClient>119</NoClient><DateVisite>2/2/2019&#160;10:09</DateVisite></PPVendeursClients>
<PPVendeursClients><NoVendeur>11</NoVendeur><NoClient>110</NoClient><DateVisite>2/2/2019&#160;10:15</DateVisite></PPVendeursClients>
<PPVendeursClients><NoVendeur>12</NoVendeur><NoClient>101</NoClient><DateVisite>2/2/2019&#160;11:06</DateVisite></PPVendeursClients>
<PPVendeursClients><NoVendeur>12</NoVendeur><NoClient>104</NoClient><DateVisite>2/2/2019&#160;11:09</DateVisite></PPVendeursClients>
<PPVendeursClients><NoVendeur>12</NoVendeur><NoClient>118</NoClient><DateVisite>2/2/2019&#160;11:12</DateVisite></PPVendeursClients>
<PPVendeursClients><NoVendeur>12</NoVendeur><NoClient>120</NoClient><DateVisite>2/2/2019&#160;13:05</DateVisite></PPVendeursClients>
<PPVendeursClients><NoVendeur>14</NoVendeur><NoClient>104</NoClient><DateVisite>2/2/2019&#160;13:12</DateVisite></PPVendeursClients>
<PPVendeursClients><NoVendeur>14</NoVendeur><NoClient>114</NoClient><DateVisite>2/2/2019&#160;13:13</DateVisite></PPVendeursClients>
<PPVendeursClients><NoVendeur>16</NoVendeur><NoClient>114</NoClient><DateVisite>2/2/2019&#160;13:21</DateVisite></PPVendeursClients>
<PPVendeursClients><NoVendeur>16</NoVendeur><NoClient>120</NoClient><DateVisite>2/2/2019&#160;13:22</DateVisite></PPVendeursClients>
<PPVendeursClients><NoVendeur>14</NoVendeur><NoClient>119</NoClient><DateVisite>2/3/2019&#160;13:03</DateVisite></PPVendeursClients>
<PPVendeursClients><NoVendeur>12</NoVendeur><NoClient>101</NoClient><DateVisite>2/3/2019&#160;13:04</DateVisite></PPVendeursClients>
<PPVendeursClients><NoVendeur>12</NoVendeur><NoClient>104</NoClient><DateVisite>2/3/2019&#160;13:07</DateVisite></PPVendeursClients>
<PPVendeursClients><NoVendeur>12</NoVendeur><NoClient>119</NoClient><DateVisite>2/3/2019&#160;14:04</DateVisite></PPVendeursClients>
<PPVendeursClients><NoVendeur>12</NoVendeur><NoClient>120</NoClient><DateVisite>2/3/2019&#160;14:06</DateVisite></PPVendeursClients>
<PPVendeursClients><NoVendeur>14</NoVendeur><NoClient>104</NoClient><DateVisite>2/3/2019&#160;14:10</DateVisite></PPVendeursClients>
<PPVendeursClients><NoVendeur>14</NoVendeur><NoClient>114</NoClient><DateVisite>2/3/2019&#160;15:10</DateVisite></PPVendeursClients>
<PPVendeursClients><NoVendeur>16</NoVendeur><NoClient>114</NoClient><DateVisite>2/3/2019&#160;15:14</DateVisite></PPVendeursClients>
<PPVendeursClients><NoVendeur>16</NoVendeur><NoClient>120</NoClient><DateVisite>2/3/2019&#160;15:26</DateVisite></PPVendeursClients>
<PPVendeursClients></PPVendeursClients>
</dataroot>
